id,mname,cinema,province,city,area,type
1,在乎你,葫芦岛烨炜影院,辽宁,葫芦岛,东北,线下活动
2,在乎你,广州许宫影城,广东,广州,华南,线下活动
3,反贪风暴4,长沙苏暮影城,湖南,长沙,华中,猫眼电影
4,雷霆沙赞！,驻马店夜承影院,河南,驻马店,华中,淘票票
5,老师·好,太原言袭电影院,山西,太原,华北,淘票票
6,虫林大作战,三明尉赤电影院,福建,三明,华东,线下活动
7,在乎你,三明尉赤电影院,福建,三明,华东,猫眼电影
8,在乎你,杭州翊简影院,浙江,杭州,华东,线下活动
9,反贪风暴4,上海硕许影院,上海,上海,华东,影院购买
10,调音师,张家界乔亦电影院,湖南,张家界,华中,猫眼电影
11,反贪风暴4,徐州轲轶影城,江苏,徐州,华东,淘票票
12,雷霆沙赞！,株洲浔泷电影院,湖南,株洲,华中,线下活动
13,在乎你,杭州翊简影院,浙江,杭州,华东,线下活动
14,反贪风暴4,太原言袭电影院,山西,太原,华北,猫眼电影
15,比悲伤更悲伤的故事,葫芦岛烨炜影院,辽宁,葫芦岛,东北,淘票票
16,老师·好,上海泷邢电影院,上海,上海,华东,猫眼电影
17,调音师,淄博凌乔影城,山东,淄博,华东,猫眼电影
18,雷霆沙赞！,沈阳轲赫影城,辽宁,沈阳,东北,线下活动
19,我的宠物是大象,杭州翊简影院,浙江,杭州,华东,淘票票
20,虫林大作战,金华夜烈影城,浙江,金华,华东,影院购买
21,在乎你,株洲浔泷电影院,湖南,株洲,华中,线下活动
22,我的宠物是大象,金华夜烈影城,浙江,金华,华东,线下活动
23,反贪风暴4,张家界乔亦电影院,湖南,张家界,华中,线下活动
24,欲念游戏,上海安卓电影院,上海,上海,华东,线下活动
25,雷霆沙赞！,上海易袭电影院,上海,上海,华东,线下活动
26,调音师,上海晗靖影院,上海,上海,华东,影院购买
27,虫林大作战,金华夜烈影城,浙江,金华,华东,猫眼电影
28,调音师,徐州轲轶影城,江苏,徐州,华东,猫眼电影
29,虫林大作战,沈阳轲赫影城,辽宁,沈阳,东北,线下活动
30,调音师,长沙苏暮影城,湖南,长沙,华中,淘票票
31,最佳男友进化论,乐山袭浔影城,四川,乐山,西南,淘票票
32,祈祷落幕时,株洲浔泷电影院,湖南,株洲,华中,猫眼电影
33,在乎你,广州许宫影城,广东,广州,华南,猫眼电影
34,欲念游戏,福州唯赤影城,福建,福州,华东,淘票票
35,调音师,上海晗靖影院,上海,上海,华东,猫眼电影
36,调音师,成都靖浅电影院,四川,成都,西南,线下活动
37,老师·好,福州唯赤影城,福建,福州,华东,淘票票
38,老师·好,上海泷邢电影院,上海,上海,华东,猫眼电影
39,祈祷落幕时,淄博凌乔影城,山东,淄博,华东,淘票票
40,我的宠物是大象,淄博凌乔影城,山东,淄博,华东,淘票票
41,反贪风暴4,温州倾易电影院,浙江,温州,华东,影院购买
42,反贪风暴4,广州许宫影城,广东,广州,华南,猫眼电影
43,反贪风暴4,株洲浔泷电影院,湖南,株洲,华中,线下活动
44,我的宠物是大象,上海易袭电影院,上海,上海,华东,线下活动
45,老师·好,长沙苏暮影城,湖南,长沙,华中,线下活动
46,我的宠物是大象,佛山然骆电影院,广东,佛山,华南,猫眼电影
47,小飞象,昆明尉苏影院,云南,昆明,西南,猫眼电影
48,祈祷落幕时,石家庄凌谦影院,河北,石家庄,华北,淘票票
49,小飞象,佛山然骆电影院,广东,佛山,华南,猫眼电影
50,欲念游戏,南京璇烨影城,江苏,南京,华东,影院购买
51,欲念游戏,长沙苏暮影城,湖南,长沙,华中,淘票票
52,反贪风暴4,株洲浔泷电影院,湖南,株洲,华中,影院购买
53,祈祷落幕时,长沙苏暮影城,湖南,长沙,华中,淘票票
54,老师·好,上海洺暮影院,上海,上海,华东,影院购买
55,欲念游戏,葫芦岛烨炜影院,辽宁,葫芦岛,东北,淘票票
56,虫林大作战,杭州翊简影院,浙江,杭州,华东,线下活动
57,反贪风暴4,上海泷邢电影院,上海,上海,华东,淘票票
58,祈祷落幕时,成都靖浅电影院,四川,成都,西南,淘票票
59,祈祷落幕时,株洲浔泷电影院,湖南,株洲,华中,猫眼电影
60,祈祷落幕时,徐州轲轶影城,江苏,徐州,华东,淘票票
61,虫林大作战,温州倾易电影院,浙江,温州,华东,影院购买
62,在乎你,上海晗靖影院,上海,上海,华东,淘票票
63,欲念游戏,上海硕许影院,上海,上海,华东,影院购买
64,我的宠物是大象,上海晗靖影院,上海,上海,华东,影院购买
65,调音师,济南泽翊电影院,山东,济南,华东,影院购买
66,在乎你,广州许宫影城,广东,广州,华南,猫眼电影
67,虫林大作战,徐州轲轶影城,江苏,徐州,华东,淘票票
68,老师·好,淄博凌乔影城,山东,淄博,华东,影院购买
69,比悲伤更悲伤的故事,上海洺暮影院,上海,上海,华东,线下活动
70,祈祷落幕时,成都靖浅电影院,四川,成都,西南,线下活动
71,雷霆沙赞！,上海晗靖影院,上海,上海,华东,猫眼电影
72,调音师,石家庄凌谦影院,河北,石家庄,华北,猫眼电影
73,在乎你,佛山然骆电影院,广东,佛山,华南,猫眼电影
74,祈祷落幕时,上海易袭电影院,上海,上海,华东,线下活动
75,欲念游戏,乐山袭浔影城,四川,乐山,西南,线下活动
76,最佳男友进化论,太原言袭电影院,山西,太原,华北,线下活动
77,老师·好,成都靖浅电影院,四川,成都,西南,影院购买
78,欲念游戏,金华夜烈影城,浙江,金华,华东,淘票票
79,我的宠物是大象,昆明尉苏影院,云南,昆明,西南,淘票票
80,比悲伤更悲伤的故事,上海安卓电影院,上海,上海,华东,影院购买
81,调音师,葫芦岛烨炜影院,辽宁,葫芦岛,东北,影院购买
82,小飞象,广州许宫影城,广东,广州,华南,线下活动
83,反贪风暴4,张家界乔亦电影院,湖南,张家界,华中,猫眼电影
84,小飞象,株洲浔泷电影院,湖南,株洲,华中,影院购买
85,老师·好,杭州翊简影院,浙江,杭州,华东,猫眼电影
86,欲念游戏,南京璇烨影城,江苏,南京,华东,淘票票
87,虫林大作战,杭州翊简影院,浙江,杭州,华东,猫眼电影
88,雷霆沙赞！,上海晗靖影院,上海,上海,华东,影院购买
89,反贪风暴4,太原言袭电影院,山西,太原,华北,影院购买
90,雷霆沙赞！,温州倾易电影院,浙江,温州,华东,线下活动
91,小飞象,金华夜烈影城,浙江,金华,华东,猫眼电影
92,老师·好,长沙苏暮影城,湖南,长沙,华中,猫眼电影
93,我的宠物是大象,杭州翊简影院,浙江,杭州,华东,猫眼电影
94,虫林大作战,长沙苏暮影城,湖南,长沙,华中,线下活动
95,祈祷落幕时,株洲浔泷电影院,湖南,株洲,华中,线下活动
96,比悲伤更悲伤的故事,昆明尉苏影院,云南,昆明,西南,猫眼电影
97,欲念游戏,徐州轲轶影城,江苏,徐州,华东,猫眼电影
98,调音师,成都靖浅电影院,四川,成都,西南,淘票票
99,祈祷落幕时,上海洺暮影院,上海,上海,华东,猫眼电影
100,在乎你,广州许宫影城,广东,广州,华南,影院购买
101,小飞象,上海硕许影院,上海,上海,华东,猫眼电影
102,祈祷落幕时,张家界乔亦电影院,湖南,张家界,华中,影院购买
103,雷霆沙赞！,太原言袭电影院,山西,太原,华北,淘票票
104,我的宠物是大象,上海洺暮影院,上海,上海,华东,猫眼电影
105,虫林大作战,上海泷邢电影院,上海,上海,华东,影院购买
106,最佳男友进化论,沈阳轲赫影城,辽宁,沈阳,东北,影院购买
107,虫林大作战,昆明尉苏影院,云南,昆明,西南,影院购买
108,欲念游戏,济南泽翊电影院,山东,济南,华东,影院购买
109,比悲伤更悲伤的故事,上海晗靖影院,上海,上海,华东,线下活动
110,祈祷落幕时,福州唯赤影城,福建,福州,华东,影院购买
111,在乎你,福州唯赤影城,福建,福州,华东,线下活动
112,最佳男友进化论,上海泷邢电影院,上海,上海,华东,淘票票
113,调音师,三明尉赤电影院,福建,三明,华东,淘票票
114,欲念游戏,温州倾易电影院,浙江,温州,华东,影院购买
115,虫林大作战,张家界乔亦电影院,湖南,张家界,华中,影院购买
116,比悲伤更悲伤的故事,淄博凌乔影城,山东,淄博,华东,猫眼电影
117,祈祷落幕时,石家庄凌谦影院,河北,石家庄,华北,淘票票
118,老师·好,乐山袭浔影城,四川,乐山,西南,淘票票
119,祈祷落幕时,济南泽翊电影院,山东,济南,华东,猫眼电影
120,在乎你,金华夜烈影城,浙江,金华,华东,淘票票
121,比悲伤更悲伤的故事,上海泷邢电影院,上海,上海,华东,淘票票
122,欲念游戏,昆明尉苏影院,云南,昆明,西南,影院购买
123,欲念游戏,长沙苏暮影城,湖南,长沙,华中,影院购买
124,在乎你,金华夜烈影城,浙江,金华,华东,影院购买
125,祈祷落幕时,驻马店夜承影院,河南,驻马店,华中,猫眼电影
126,雷霆沙赞！,佛山然骆电影院,广东,佛山,华南,影院购买
127,比悲伤更悲伤的故事,上海易袭电影院,上海,上海,华东,淘票票
128,老师·好,沈阳轲赫影城,辽宁,沈阳,东北,线下活动
129,调音师,温州倾易电影院,浙江,温州,华东,猫眼电影
130,在乎你,昆明尉苏影院,云南,昆明,西南,猫眼电影
131,在乎你,徐州轲轶影城,江苏,徐州,华东,淘票票
132,调音师,驻马店夜承影院,河南,驻马店,华中,猫眼电影
133,我的宠物是大象,上海洺暮影院,上海,上海,华东,淘票票
134,小飞象,杭州翊简影院,浙江,杭州,华东,猫眼电影
135,欲念游戏,乐山袭浔影城,四川,乐山,西南,淘票票
136,比悲伤更悲伤的故事,上海晗靖影院,上海,上海,华东,线下活动
137,小飞象,佛山然骆电影院,广东,佛山,华南,线下活动
138,调音师,上海硕许影院,上海,上海,华东,淘票票
139,小飞象,上海晗靖影院,上海,上海,华东,淘票票
140,在乎你,上海晗靖影院,上海,上海,华东,影院购买
141,雷霆沙赞！,乐山袭浔影城,四川,乐山,西南,影院购买
142,虫林大作战,佛山然骆电影院,广东,佛山,华南,线下活动
143,小飞象,长沙苏暮影城,湖南,长沙,华中,影院购买
144,小飞象,石家庄凌谦影院,河北,石家庄,华北,线下活动
145,在乎你,徐州轲轶影城,江苏,徐州,华东,淘票票
146,老师·好,金华夜烈影城,浙江,金华,华东,淘票票
147,欲念游戏,上海安卓电影院,上海,上海,华东,淘票票
148,调音师,昆明尉苏影院,云南,昆明,西南,猫眼电影
149,虫林大作战,徐州轲轶影城,江苏,徐州,华东,猫眼电影
150,比悲伤更悲伤的故事,济南泽翊电影院,山东,济南,华东,影院购买
151,反贪风暴4,上海泷邢电影院,上海,上海,华东,线下活动
152,比悲伤更悲伤的故事,太原言袭电影院,山西,太原,华北,猫眼电影
153,我的宠物是大象,上海晗靖影院,上海,上海,华东,影院购买
154,祈祷落幕时,上海洺暮影院,上海,上海,华东,猫眼电影
155,在乎你,太原言袭电影院,山西,太原,华北,淘票票
156,老师·好,株洲浔泷电影院,湖南,株洲,华中,淘票票
157,最佳男友进化论,上海晗靖影院,上海,上海,华东,线下活动
158,雷霆沙赞！,昆明尉苏影院,云南,昆明,西南,猫眼电影
159,老师·好,张家界乔亦电影院,湖南,张家界,华中,猫眼电影
160,欲念游戏,徐州轲轶影城,江苏,徐州,华东,猫眼电影
161,调音师,杭州翊简影院,浙江,杭州,华东,淘票票
162,我的宠物是大象,佛山然骆电影院,广东,佛山,华南,影院购买
163,比悲伤更悲伤的故事,杭州翊简影院,浙江,杭州,华东,淘票票
164,虫林大作战,徐州轲轶影城,江苏,徐州,华东,淘票票
165,在乎你,广州许宫影城,广东,广州,华南,影院购买
166,虫林大作战,沈阳轲赫影城,辽宁,沈阳,东北,淘票票
167,小飞象,金华夜烈影城,浙江,金华,华东,淘票票
168,在乎你,济南泽翊电影院,山东,济南,华东,线下活动
169,雷霆沙赞！,福州唯赤影城,福建,福州,华东,影院购买
170,祈祷落幕时,广州许宫影城,广东,广州,华南,猫眼电影
171,虫林大作战,上海易袭电影院,上海,上海,华东,淘票票
172,欲念游戏,葫芦岛烨炜影院,辽宁,葫芦岛,东北,线下活动
173,老师·好,南京璇烨影城,江苏,南京,华东,线下活动
174,最佳男友进化论,温州倾易电影院,浙江,温州,华东,影院购买
175,反贪风暴4,福州唯赤影城,福建,福州,华东,猫眼电影
176,最佳男友进化论,长沙苏暮影城,湖南,长沙,华中,影院购买
177,雷霆沙赞！,南京璇烨影城,江苏,南京,华东,线下活动
178,小飞象,徐州轲轶影城,江苏,徐州,华东,影院购买
179,调音师,金华夜烈影城,浙江,金华,华东,线下活动
180,虫林大作战,上海洺暮影院,上海,上海,华东,线下活动
181,虫林大作战,昆明尉苏影院,云南,昆明,西南,淘票票
182,老师·好,温州倾易电影院,浙江,温州,华东,猫眼电影
183,老师·好,上海硕许影院,上海,上海,华东,影院购买
184,在乎你,佛山然骆电影院,广东,佛山,华南,线下活动
185,祈祷落幕时,上海泷邢电影院,上海,上海,华东,线下活动
186,欲念游戏,三明尉赤电影院,福建,三明,华东,线下活动
187,反贪风暴4,上海硕许影院,上海,上海,华东,线下活动
188,调音师,石家庄凌谦影院,河北,石家庄,华北,影院购买
189,比悲伤更悲伤的故事,昆明尉苏影院,云南,昆明,西南,淘票票
190,祈祷落幕时,张家界乔亦电影院,湖南,张家界,华中,线下活动
191,欲念游戏,温州倾易电影院,浙江,温州,华东,线下活动
192,在乎你,上海易袭电影院,上海,上海,华东,猫眼电影
193,我的宠物是大象,佛山然骆电影院,广东,佛山,华南,淘票票
194,虫林大作战,徐州轲轶影城,江苏,徐州,华东,淘票票
195,老师·好,徐州轲轶影城,江苏,徐州,华东,猫眼电影
196,反贪风暴4,金华夜烈影城,浙江,金华,华东,线下活动
197,老师·好,三明尉赤电影院,福建,三明,华东,影院购买
198,小飞象,成都靖浅电影院,四川,成都,西南,影院购买
199,最佳男友进化论,上海洺暮影院,上海,上海,华东,影院购买
200,比悲伤更悲伤的故事,上海安卓电影院,上海,上海,华东,影院购买
201,我的宠物是大象,佛山然骆电影院,广东,佛山,华南,猫眼电影
202,调音师,金华夜烈影城,浙江,金华,华东,影院购买
203,祈祷落幕时,福州唯赤影城,福建,福州,华东,淘票票
204,欲念游戏,乐山袭浔影城,四川,乐山,西南,影院购买
205,小飞象,上海晗靖影院,上海,上海,华东,淘票票
206,比悲伤更悲伤的故事,福州唯赤影城,福建,福州,华东,猫眼电影
207,比悲伤更悲伤的故事,沈阳轲赫影城,辽宁,沈阳,东北,淘票票
208,小飞象,太原言袭电影院,山西,太原,华北,猫眼电影
209,我的宠物是大象,南京璇烨影城,江苏,南京,华东,猫眼电影
210,小飞象,上海洺暮影院,上海,上海,华东,影院购买
211,反贪风暴4,株洲浔泷电影院,湖南,株洲,华中,猫眼电影
212,老师·好,徐州轲轶影城,江苏,徐州,华东,影院购买
213,虫林大作战,杭州翊简影院,浙江,杭州,华东,线下活动
214,最佳男友进化论,沈阳轲赫影城,辽宁,沈阳,东北,影院购买
215,祈祷落幕时,淄博凌乔影城,山东,淄博,华东,影院购买
216,最佳男友进化论,徐州轲轶影城,江苏,徐州,华东,线下活动
217,在乎你,上海易袭电影院,上海,上海,华东,猫眼电影
218,最佳男友进化论,上海晗靖影院,上海,上海,华东,猫眼电影
219,小飞象,张家界乔亦电影院,湖南,张家界,华中,线下活动
220,欲念游戏,昆明尉苏影院,云南,昆明,西南,影院购买
221,小飞象,株洲浔泷电影院,湖南,株洲,华中,淘票票
222,最佳男友进化论,昆明尉苏影院,云南,昆明,西南,猫眼电影
223,最佳男友进化论,上海安卓电影院,上海,上海,华东,猫眼电影
224,虫林大作战,福州唯赤影城,福建,福州,华东,猫眼电影
225,雷霆沙赞！,金华夜烈影城,浙江,金华,华东,影院购买
226,反贪风暴4,佛山然骆电影院,广东,佛山,华南,猫眼电影
227,欲念游戏,福州唯赤影城,福建,福州,华东,影院购买
228,老师·好,乐山袭浔影城,四川,乐山,西南,影院购买
229,雷霆沙赞！,石家庄凌谦影院,河北,石家庄,华北,影院购买
230,老师·好,广州许宫影城,广东,广州,华南,线下活动
231,我的宠物是大象,驻马店夜承影院,河南,驻马店,华中,猫眼电影
232,最佳男友进化论,上海泷邢电影院,上海,上海,华东,线下活动
233,雷霆沙赞！,济南泽翊电影院,山东,济南,华东,猫眼电影
234,祈祷落幕时,乐山袭浔影城,四川,乐山,西南,影院购买
235,最佳男友进化论,上海安卓电影院,上海,上海,华东,淘票票
236,虫林大作战,葫芦岛烨炜影院,辽宁,葫芦岛,东北,淘票票
237,老师·好,葫芦岛烨炜影院,辽宁,葫芦岛,东北,线下活动
238,反贪风暴4,葫芦岛烨炜影院,辽宁,葫芦岛,东北,影院购买
239,我的宠物是大象,石家庄凌谦影院,河北,石家庄,华北,猫眼电影
240,我的宠物是大象,石家庄凌谦影院,河北,石家庄,华北,淘票票
241,欲念游戏,上海洺暮影院,上海,上海,华东,线下活动
242,欲念游戏,杭州翊简影院,浙江,杭州,华东,淘票票
243,欲念游戏,葫芦岛烨炜影院,辽宁,葫芦岛,东北,猫眼电影
244,祈祷落幕时,南京璇烨影城,江苏,南京,华东,线下活动
245,祈祷落幕时,上海晗靖影院,上海,上海,华东,影院购买
246,最佳男友进化论,福州唯赤影城,福建,福州,华东,猫眼电影
247,老师·好,太原言袭电影院,山西,太原,华北,淘票票
248,虫林大作战,上海洺暮影院,上海,上海,华东,线下活动
249,虫林大作战,福州唯赤影城,福建,福州,华东,淘票票
250,调音师,上海安卓电影院,上海,上海,华东,淘票票
251,比悲伤更悲伤的故事,三明尉赤电影院,福建,三明,华东,线下活动
252,老师·好,昆明尉苏影院,云南,昆明,西南,影院购买
253,比悲伤更悲伤的故事,沈阳轲赫影城,辽宁,沈阳,东北,淘票票
254,我的宠物是大象,南京璇烨影城,江苏,南京,华东,线下活动
255,老师·好,上海易袭电影院,上海,上海,华东,影院购买
256,比悲伤更悲伤的故事,广州许宫影城,广东,广州,华南,线下活动
257,最佳男友进化论,杭州翊简影院,浙江,杭州,华东,淘票票
258,虫林大作战,淄博凌乔影城,山东,淄博,华东,猫眼电影
259,欲念游戏,上海易袭电影院,上海,上海,华东,影院购买
260,欲念游戏,杭州翊简影院,浙江,杭州,华东,影院购买
261,欲念游戏,葫芦岛烨炜影院,辽宁,葫芦岛,东北,淘票票
262,最佳男友进化论,石家庄凌谦影院,河北,石家庄,华北,影院购买
263,最佳男友进化论,株洲浔泷电影院,湖南,株洲,华中,影院购买
264,比悲伤更悲伤的故事,成都靖浅电影院,四川,成都,西南,淘票票
265,雷霆沙赞！,葫芦岛烨炜影院,辽宁,葫芦岛,东北,猫眼电影
266,欲念游戏,张家界乔亦电影院,湖南,张家界,华中,线下活动
267,小飞象,太原言袭电影院,山西,太原,华北,线下活动
268,在乎你,上海晗靖影院,上海,上海,华东,淘票票
269,雷霆沙赞！,葫芦岛烨炜影院,辽宁,葫芦岛,东北,淘票票
270,调音师,三明尉赤电影院,福建,三明,华东,淘票票
271,我的宠物是大象,南京璇烨影城,江苏,南京,华东,猫眼电影
272,比悲伤更悲伤的故事,杭州翊简影院,浙江,杭州,华东,猫眼电影
273,欲念游戏,南京璇烨影城,江苏,南京,华东,淘票票
274,虫林大作战,成都靖浅电影院,四川,成都,西南,线下活动
275,我的宠物是大象,南京璇烨影城,江苏,南京,华东,影院购买
276,祈祷落幕时,沈阳轲赫影城,辽宁,沈阳,东北,淘票票
277,小飞象,广州许宫影城,广东,广州,华南,影院购买
278,我的宠物是大象,淄博凌乔影城,山东,淄博,华东,影院购买
279,雷霆沙赞！,沈阳轲赫影城,辽宁,沈阳,东北,线下活动
280,小飞象,徐州轲轶影城,江苏,徐州,华东,淘票票
281,调音师,南京璇烨影城,江苏,南京,华东,猫眼电影
282,反贪风暴4,驻马店夜承影院,河南,驻马店,华中,线下活动
283,我的宠物是大象,上海洺暮影院,上海,上海,华东,猫眼电影
284,祈祷落幕时,广州许宫影城,广东,广州,华南,线下活动
285,欲念游戏,上海泷邢电影院,上海,上海,华东,影院购买
286,最佳男友进化论,广州许宫影城,广东,广州,华南,猫眼电影
287,欲念游戏,沈阳轲赫影城,辽宁,沈阳,东北,猫眼电影
288,小飞象,上海安卓电影院,上海,上海,华东,淘票票
289,调音师,南京璇烨影城,江苏,南京,华东,猫眼电影
290,最佳男友进化论,金华夜烈影城,浙江,金华,华东,猫眼电影
291,小飞象,昆明尉苏影院,云南,昆明,西南,线下活动
292,小飞象,金华夜烈影城,浙江,金华,华东,猫眼电影
293,小飞象,南京璇烨影城,江苏,南京,华东,影院购买
294,比悲伤更悲伤的故事,昆明尉苏影院,云南,昆明,西南,影院购买
295,比悲伤更悲伤的故事,昆明尉苏影院,云南,昆明,西南,影院购买
296,最佳男友进化论,福州唯赤影城,福建,福州,华东,影院购买
297,欲念游戏,太原言袭电影院,山西,太原,华北,线下活动
298,比悲伤更悲伤的故事,淄博凌乔影城,山东,淄博,华东,猫眼电影
299,最佳男友进化论,金华夜烈影城,浙江,金华,华东,影院购买
300,反贪风暴4,淄博凌乔影城,山东,淄博,华东,影院购买
301,虫林大作战,昆明尉苏影院,云南,昆明,西南,影院购买
302,调音师,株洲浔泷电影院,湖南,株洲,华中,淘票票
303,祈祷落幕时,成都靖浅电影院,四川,成都,西南,淘票票
304,调音师,沈阳轲赫影城,辽宁,沈阳,东北,影院购买
305,最佳男友进化论,杭州翊简影院,浙江,杭州,华东,影院购买
306,祈祷落幕时,葫芦岛烨炜影院,辽宁,葫芦岛,东北,线下活动
307,我的宠物是大象,株洲浔泷电影院,湖南,株洲,华中,猫眼电影
308,我的宠物是大象,乐山袭浔影城,四川,乐山,西南,线下活动
309,小飞象,上海晗靖影院,上海,上海,华东,猫眼电影
310,欲念游戏,驻马店夜承影院,河南,驻马店,华中,猫眼电影
311,我的宠物是大象,沈阳轲赫影城,辽宁,沈阳,东北,影院购买
312,欲念游戏,乐山袭浔影城,四川,乐山,西南,猫眼电影
313,老师·好,葫芦岛烨炜影院,辽宁,葫芦岛,东北,影院购买
314,欲念游戏,上海洺暮影院,上海,上海,华东,淘票票
315,比悲伤更悲伤的故事,上海硕许影院,上海,上海,华东,线下活动
316,最佳男友进化论,三明尉赤电影院,福建,三明,华东,影院购买
317,祈祷落幕时,淄博凌乔影城,山东,淄博,华东,线下活动
318,反贪风暴4,济南泽翊电影院,山东,济南,华东,影院购买
319,小飞象,成都靖浅电影院,四川,成都,西南,淘票票
320,在乎你,济南泽翊电影院,山东,济南,华东,猫眼电影
321,欲念游戏,石家庄凌谦影院,河北,石家庄,华北,线下活动
322,反贪风暴4,长沙苏暮影城,湖南,长沙,华中,线下活动
323,在乎你,乐山袭浔影城,四川,乐山,西南,淘票票
324,老师·好,温州倾易电影院,浙江,温州,华东,淘票票
325,调音师,淄博凌乔影城,山东,淄博,华东,淘票票
326,虫林大作战,乐山袭浔影城,四川,乐山,西南,线下活动
327,我的宠物是大象,太原言袭电影院,山西,太原,华北,猫眼电影
328,反贪风暴4,福州唯赤影城,福建,福州,华东,线下活动
329,虫林大作战,广州许宫影城,广东,广州,华南,线下活动
330,我的宠物是大象,上海洺暮影院,上海,上海,华东,猫眼电影
331,祈祷落幕时,上海洺暮影院,上海,上海,华东,猫眼电影
332,欲念游戏,上海泷邢电影院,上海,上海,华东,线下活动
333,祈祷落幕时,上海洺暮影院,上海,上海,华东,线下活动
334,欲念游戏,驻马店夜承影院,河南,驻马店,华中,影院购买
335,雷霆沙赞！,驻马店夜承影院,河南,驻马店,华中,淘票票
336,小飞象,株洲浔泷电影院,湖南,株洲,华中,线下活动
337,祈祷落幕时,三明尉赤电影院,福建,三明,华东,淘票票
338,在乎你,成都靖浅电影院,四川,成都,西南,线下活动
339,反贪风暴4,杭州翊简影院,浙江,杭州,华东,猫眼电影
340,在乎你,葫芦岛烨炜影院,辽宁,葫芦岛,东北,影院购买
341,雷霆沙赞！,广州许宫影城,广东,广州,华南,猫眼电影
342,祈祷落幕时,淄博凌乔影城,山东,淄博,华东,淘票票
343,虫林大作战,佛山然骆电影院,广东,佛山,华南,猫眼电影
344,我的宠物是大象,济南泽翊电影院,山东,济南,华东,淘票票
345,在乎你,乐山袭浔影城,四川,乐山,西南,淘票票
346,最佳男友进化论,三明尉赤电影院,福建,三明,华东,猫眼电影
347,雷霆沙赞！,佛山然骆电影院,广东,佛山,华南,影院购买
348,调音师,济南泽翊电影院,山东,济南,华东,猫眼电影
349,反贪风暴4,太原言袭电影院,山西,太原,华北,淘票票
350,比悲伤更悲伤的故事,乐山袭浔影城,四川,乐山,西南,猫眼电影
351,小飞象,石家庄凌谦影院,河北,石家庄,华北,线下活动
352,我的宠物是大象,张家界乔亦电影院,湖南,张家界,华中,猫眼电影
353,小飞象,乐山袭浔影城,四川,乐山,西南,影院购买
354,雷霆沙赞！,上海易袭电影院,上海,上海,华东,猫眼电影
355,最佳男友进化论,广州许宫影城,广东,广州,华南,线下活动
356,我的宠物是大象,三明尉赤电影院,福建,三明,华东,线下活动
357,雷霆沙赞！,上海洺暮影院,上海,上海,华东,影院购买
358,虫林大作战,温州倾易电影院,浙江,温州,华东,线下活动
359,祈祷落幕时,杭州翊简影院,浙江,杭州,华东,淘票票
360,反贪风暴4,淄博凌乔影城,山东,淄博,华东,线下活动
361,比悲伤更悲伤的故事,上海安卓电影院,上海,上海,华东,影院购买
362,祈祷落幕时,杭州翊简影院,浙江,杭州,华东,猫眼电影
363,在乎你,太原言袭电影院,山西,太原,华北,线下活动
364,我的宠物是大象,福州唯赤影城,福建,福州,华东,猫眼电影
365,比悲伤更悲伤的故事,上海易袭电影院,上海,上海,华东,淘票票
366,祈祷落幕时,沈阳轲赫影城,辽宁,沈阳,东北,线下活动
367,反贪风暴4,福州唯赤影城,福建,福州,华东,线下活动
368,我的宠物是大象,驻马店夜承影院,河南,驻马店,华中,淘票票
369,欲念游戏,驻马店夜承影院,河南,驻马店,华中,线下活动
370,最佳男友进化论,沈阳轲赫影城,辽宁,沈阳,东北,淘票票
371,小飞象,长沙苏暮影城,湖南,长沙,华中,淘票票
372,比悲伤更悲伤的故事,徐州轲轶影城,江苏,徐州,华东,影院购买
373,我的宠物是大象,上海晗靖影院,上海,上海,华东,线下活动
374,反贪风暴4,驻马店夜承影院,河南,驻马店,华中,影院购买
375,虫林大作战,温州倾易电影院,浙江,温州,华东,线下活动
376,调音师,上海易袭电影院,上海,上海,华东,影院购买
377,小飞象,上海易袭电影院,上海,上海,华东,淘票票
378,最佳男友进化论,徐州轲轶影城,江苏,徐州,华东,猫眼电影
379,老师·好,葫芦岛烨炜影院,辽宁,葫芦岛,东北,影院购买
380,老师·好,株洲浔泷电影院,湖南,株洲,华中,影院购买
381,反贪风暴4,株洲浔泷电影院,湖南,株洲,华中,影院购买
382,我的宠物是大象,石家庄凌谦影院,河北,石家庄,华北,影院购买
383,反贪风暴4,太原言袭电影院,山西,太原,华北,线下活动
384,虫林大作战,广州许宫影城,广东,广州,华南,线下活动
385,祈祷落幕时,三明尉赤电影院,福建,三明,华东,影院购买
386,欲念游戏,淄博凌乔影城,山东,淄博,华东,猫眼电影
387,比悲伤更悲伤的故事,杭州翊简影院,浙江,杭州,华东,线下活动
388,最佳男友进化论,长沙苏暮影城,湖南,长沙,华中,线下活动
389,虫林大作战,沈阳轲赫影城,辽宁,沈阳,东北,猫眼电影
390,小飞象,福州唯赤影城,福建,福州,华东,影院购买
391,我的宠物是大象,上海硕许影院,上海,上海,华东,线下活动
392,比悲伤更悲伤的故事,太原言袭电影院,山西,太原,华北,猫眼电影
393,我的宠物是大象,上海泷邢电影院,上海,上海,华东,线下活动
394,比悲伤更悲伤的故事,沈阳轲赫影城,辽宁,沈阳,东北,淘票票
395,小飞象,沈阳轲赫影城,辽宁,沈阳,东北,影院购买
396,小飞象,三明尉赤电影院,福建,三明,华东,影院购买
397,调音师,杭州翊简影院,浙江,杭州,华东,影院购买
398,我的宠物是大象,乐山袭浔影城,四川,乐山,西南,影院购买
399,小飞象,广州许宫影城,广东,广州,华南,猫眼电影
400,小飞象,上海泷邢电影院,上海,上海,华东,淘票票
401,比悲伤更悲伤的故事,广州许宫影城,广东,广州,华南,影院购买
402,祈祷落幕时,金华夜烈影城,浙江,金华,华东,猫眼电影
403,虫林大作战,南京璇烨影城,江苏,南京,华东,淘票票
404,我的宠物是大象,杭州翊简影院,浙江,杭州,华东,猫眼电影
405,欲念游戏,葫芦岛烨炜影院,辽宁,葫芦岛,东北,淘票票
406,反贪风暴4,广州许宫影城,广东,广州,华南,猫眼电影
407,小飞象,驻马店夜承影院,河南,驻马店,华中,淘票票
408,比悲伤更悲伤的故事,上海泷邢电影院,上海,上海,华东,淘票票
409,最佳男友进化论,株洲浔泷电影院,湖南,株洲,华中,猫眼电影
410,我的宠物是大象,杭州翊简影院,浙江,杭州,华东,线下活动
411,小飞象,济南泽翊电影院,山东,济南,华东,影院购买
412,反贪风暴4,福州唯赤影城,福建,福州,华东,影院购买
413,雷霆沙赞！,驻马店夜承影院,河南,驻马店,华中,猫眼电影
414,老师·好,金华夜烈影城,浙江,金华,华东,淘票票
415,最佳男友进化论,石家庄凌谦影院,河北,石家庄,华北,猫眼电影
416,虫林大作战,成都靖浅电影院,四川,成都,西南,淘票票
417,在乎你,南京璇烨影城,江苏,南京,华东,线下活动
418,老师·好,乐山袭浔影城,四川,乐山,西南,淘票票
419,我的宠物是大象,昆明尉苏影院,云南,昆明,西南,淘票票
420,老师·好,乐山袭浔影城,四川,乐山,西南,影院购买
421,欲念游戏,佛山然骆电影院,广东,佛山,华南,线下活动
422,祈祷落幕时,上海晗靖影院,上海,上海,华东,淘票票
423,欲念游戏,太原言袭电影院,山西,太原,华北,线下活动
424,雷霆沙赞！,上海洺暮影院,上海,上海,华东,淘票票
425,虫林大作战,沈阳轲赫影城,辽宁,沈阳,东北,猫眼电影
426,小飞象,张家界乔亦电影院,湖南,张家界,华中,线下活动
427,老师·好,杭州翊简影院,浙江,杭州,华东,影院购买
428,雷霆沙赞！,上海安卓电影院,上海,上海,华东,影院购买
429,虫林大作战,株洲浔泷电影院,湖南,株洲,华中,影院购买
430,欲念游戏,上海易袭电影院,上海,上海,华东,影院购买
431,欲念游戏,上海泷邢电影院,上海,上海,华东,线下活动
432,最佳男友进化论,上海泷邢电影院,上海,上海,华东,影院购买
433,调音师,张家界乔亦电影院,湖南,张家界,华中,线下活动
434,祈祷落幕时,乐山袭浔影城,四川,乐山,西南,淘票票
435,老师·好,南京璇烨影城,江苏,南京,华东,影院购买
436,在乎你,三明尉赤电影院,福建,三明,华东,猫眼电影
437,祈祷落幕时,徐州轲轶影城,江苏,徐州,华东,影院购买
438,祈祷落幕时,株洲浔泷电影院,湖南,株洲,华中,线下活动
439,虫林大作战,淄博凌乔影城,山东,淄博,华东,线下活动
440,比悲伤更悲伤的故事,沈阳轲赫影城,辽宁,沈阳,东北,线下活动
441,雷霆沙赞！,温州倾易电影院,浙江,温州,华东,线下活动
442,比悲伤更悲伤的故事,温州倾易电影院,浙江,温州,华东,淘票票
443,欲念游戏,上海硕许影院,上海,上海,华东,淘票票
444,虫林大作战,沈阳轲赫影城,辽宁,沈阳,东北,线下活动
445,小飞象,上海泷邢电影院,上海,上海,华东,影院购买
446,我的宠物是大象,石家庄凌谦影院,河北,石家庄,华北,淘票票
447,欲念游戏,济南泽翊电影院,山东,济南,华东,淘票票
448,我的宠物是大象,杭州翊简影院,浙江,杭州,华东,猫眼电影
449,老师·好,石家庄凌谦影院,河北,石家庄,华北,线下活动
450,老师·好,上海洺暮影院,上海,上海,华东,线下活动
451,比悲伤更悲伤的故事,徐州轲轶影城,江苏,徐州,华东,影院购买
452,在乎你,张家界乔亦电影院,湖南,张家界,华中,线下活动
453,在乎你,金华夜烈影城,浙江,金华,华东,猫眼电影
454,我的宠物是大象,上海洺暮影院,上海,上海,华东,淘票票
455,反贪风暴4,沈阳轲赫影城,辽宁,沈阳,东北,线下活动
456,调音师,昆明尉苏影院,云南,昆明,西南,影院购买
457,比悲伤更悲伤的故事,济南泽翊电影院,山东,济南,华东,猫眼电影
458,虫林大作战,上海硕许影院,上海,上海,华东,线下活动
459,在乎你,沈阳轲赫影城,辽宁,沈阳,东北,淘票票
460,调音师,广州许宫影城,广东,广州,华南,猫眼电影
461,在乎你,上海洺暮影院,上海,上海,华东,猫眼电影
462,调音师,上海安卓电影院,上海,上海,华东,线下活动
463,欲念游戏,上海硕许影院,上海,上海,华东,线下活动
464,老师·好,淄博凌乔影城,山东,淄博,华东,猫眼电影
465,小飞象,温州倾易电影院,浙江,温州,华东,线下活动
466,在乎你,成都靖浅电影院,四川,成都,西南,影院购买
467,比悲伤更悲伤的故事,乐山袭浔影城,四川,乐山,西南,淘票票
468,老师·好,株洲浔泷电影院,湖南,株洲,华中,线下活动
469,我的宠物是大象,上海晗靖影院,上海,上海,华东,影院购买
470,老师·好,徐州轲轶影城,江苏,徐州,华东,线下活动
471,我的宠物是大象,金华夜烈影城,浙江,金华,华东,线下活动
472,欲念游戏,上海易袭电影院,上海,上海,华东,猫眼电影
473,老师·好,福州唯赤影城,福建,福州,华东,影院购买
474,调音师,驻马店夜承影院,河南,驻马店,华中,猫眼电影
475,老师·好,株洲浔泷电影院,湖南,株洲,华中,线下活动
476,反贪风暴4,杭州翊简影院,浙江,杭州,华东,淘票票
477,雷霆沙赞！,上海晗靖影院,上海,上海,华东,猫眼电影
478,老师·好,金华夜烈影城,浙江,金华,华东,线下活动
479,雷霆沙赞！,济南泽翊电影院,山东,济南,华东,淘票票
480,在乎你,佛山然骆电影院,广东,佛山,华南,影院购买
481,虫林大作战,温州倾易电影院,浙江,温州,华东,猫眼电影
482,祈祷落幕时,葫芦岛烨炜影院,辽宁,葫芦岛,东北,影院购买
483,小飞象,长沙苏暮影城,湖南,长沙,华中,猫眼电影
484,比悲伤更悲伤的故事,株洲浔泷电影院,湖南,株洲,华中,猫眼电影
485,老师·好,株洲浔泷电影院,湖南,株洲,华中,猫眼电影
486,在乎你,南京璇烨影城,江苏,南京,华东,猫眼电影
487,小飞象,徐州轲轶影城,江苏,徐州,华东,影院购买
488,欲念游戏,葫芦岛烨炜影院,辽宁,葫芦岛,东北,影院购买
489,祈祷落幕时,株洲浔泷电影院,湖南,株洲,华中,影院购买
490,反贪风暴4,上海晗靖影院,上海,上海,华东,线下活动
491,最佳男友进化论,上海安卓电影院,上海,上海,华东,淘票票
492,老师·好,石家庄凌谦影院,河北,石家庄,华北,猫眼电影
493,最佳男友进化论,上海硕许影院,上海,上海,华东,淘票票
494,反贪风暴4,淄博凌乔影城,山东,淄博,华东,影院购买
495,比悲伤更悲伤的故事,南京璇烨影城,江苏,南京,华东,猫眼电影
496,我的宠物是大象,乐山袭浔影城,四川,乐山,西南,线下活动
497,祈祷落幕时,驻马店夜承影院,河南,驻马店,华中,影院购买
498,最佳男友进化论,昆明尉苏影院,云南,昆明,西南,猫眼电影
499,小飞象,佛山然骆电影院,广东,佛山,华南,猫眼电影
500,老师·好,温州倾易电影院,浙江,温州,华东,猫眼电影
501,雷霆沙赞！,昆明尉苏影院,云南,昆明,西南,猫眼电影
502,欲念游戏,上海泷邢电影院,上海,上海,华东,线下活动
503,祈祷落幕时,葫芦岛烨炜影院,辽宁,葫芦岛,东北,线下活动
504,调音师,上海安卓电影院,上海,上海,华东,线下活动
505,在乎你,张家界乔亦电影院,湖南,张家界,华中,淘票票
506,虫林大作战,佛山然骆电影院,广东,佛山,华南,猫眼电影
507,雷霆沙赞！,太原言袭电影院,山西,太原,华北,影院购买
508,欲念游戏,温州倾易电影院,浙江,温州,华东,线下活动
509,在乎你,长沙苏暮影城,湖南,长沙,华中,影院购买
510,欲念游戏,张家界乔亦电影院,湖南,张家界,华中,猫眼电影
511,虫林大作战,长沙苏暮影城,湖南,长沙,华中,线下活动
512,在乎你,温州倾易电影院,浙江,温州,华东,影院购买
513,小飞象,乐山袭浔影城,四川,乐山,西南,猫眼电影
514,我的宠物是大象,株洲浔泷电影院,湖南,株洲,华中,猫眼电影
515,比悲伤更悲伤的故事,驻马店夜承影院,河南,驻马店,华中,淘票票
516,最佳男友进化论,乐山袭浔影城,四川,乐山,西南,影院购买
517,虫林大作战,广州许宫影城,广东,广州,华南,影院购买
518,我的宠物是大象,上海洺暮影院,上海,上海,华东,淘票票
519,最佳男友进化论,张家界乔亦电影院,湖南,张家界,华中,淘票票
520,最佳男友进化论,沈阳轲赫影城,辽宁,沈阳,东北,淘票票
521,在乎你,石家庄凌谦影院,河北,石家庄,华北,线下活动
522,比悲伤更悲伤的故事,三明尉赤电影院,福建,三明,华东,影院购买
523,小飞象,淄博凌乔影城,山东,淄博,华东,猫眼电影
524,小飞象,长沙苏暮影城,湖南,长沙,华中,影院购买
525,雷霆沙赞！,上海安卓电影院,上海,上海,华东,线下活动
526,我的宠物是大象,济南泽翊电影院,山东,济南,华东,影院购买
527,比悲伤更悲伤的故事,淄博凌乔影城,山东,淄博,华东,淘票票
528,老师·好,沈阳轲赫影城,辽宁,沈阳,东北,淘票票
529,我的宠物是大象,南京璇烨影城,江苏,南京,华东,影院购买
530,虫林大作战,广州许宫影城,广东,广州,华南,淘票票
531,雷霆沙赞！,温州倾易电影院,浙江,温州,华东,淘票票
532,欲念游戏,杭州翊简影院,浙江,杭州,华东,线下活动
533,欲念游戏,上海易袭电影院,上海,上海,华东,猫眼电影
534,雷霆沙赞！,上海硕许影院,上海,上海,华东,线下活动
535,最佳男友进化论,成都靖浅电影院,四川,成都,西南,影院购买
536,老师·好,成都靖浅电影院,四川,成都,西南,影院购买
537,在乎你,上海泷邢电影院,上海,上海,华东,猫眼电影
538,最佳男友进化论,石家庄凌谦影院,河北,石家庄,华北,猫眼电影
539,欲念游戏,广州许宫影城,广东,广州,华南,猫眼电影
540,调音师,上海泷邢电影院,上海,上海,华东,线下活动
541,小飞象,杭州翊简影院,浙江,杭州,华东,淘票票
542,祈祷落幕时,杭州翊简影院,浙江,杭州,华东,猫眼电影
543,祈祷落幕时,上海晗靖影院,上海,上海,华东,影院购买
544,欲念游戏,葫芦岛烨炜影院,辽宁,葫芦岛,东北,猫眼电影
545,调音师,温州倾易电影院,浙江,温州,华东,猫眼电影
546,反贪风暴4,南京璇烨影城,江苏,南京,华东,淘票票
547,祈祷落幕时,太原言袭电影院,山西,太原,华北,影院购买
548,比悲伤更悲伤的故事,温州倾易电影院,浙江,温州,华东,线下活动
549,欲念游戏,上海泷邢电影院,上海,上海,华东,猫眼电影
550,最佳男友进化论,济南泽翊电影院,山东,济南,华东,线下活动
551,雷霆沙赞！,石家庄凌谦影院,河北,石家庄,华北,淘票票
552,虫林大作战,上海硕许影院,上海,上海,华东,影院购买
553,祈祷落幕时,福州唯赤影城,福建,福州,华东,线下活动
554,比悲伤更悲伤的故事,佛山然骆电影院,广东,佛山,华南,淘票票
555,小飞象,温州倾易电影院,浙江,温州,华东,影院购买
556,小飞象,太原言袭电影院,山西,太原,华北,影院购买
557,祈祷落幕时,杭州翊简影院,浙江,杭州,华东,猫眼电影
558,老师·好,上海洺暮影院,上海,上海,华东,线下活动
559,虫林大作战,沈阳轲赫影城,辽宁,沈阳,东北,影院购买
560,虫林大作战,石家庄凌谦影院,河北,石家庄,华北,淘票票
561,在乎你,杭州翊简影院,浙江,杭州,华东,线下活动
562,虫林大作战,长沙苏暮影城,湖南,长沙,华中,猫眼电影
563,调音师,广州许宫影城,广东,广州,华南,线下活动
564,调音师,石家庄凌谦影院,河北,石家庄,华北,影院购买
565,调音师,上海洺暮影院,上海,上海,华东,淘票票
566,反贪风暴4,乐山袭浔影城,四川,乐山,西南,淘票票
567,祈祷落幕时,株洲浔泷电影院,湖南,株洲,华中,淘票票
568,雷霆沙赞！,杭州翊简影院,浙江,杭州,华东,淘票票
569,欲念游戏,福州唯赤影城,福建,福州,华东,影院购买
570,最佳男友进化论,上海易袭电影院,上海,上海,华东,线下活动
571,在乎你,张家界乔亦电影院,湖南,张家界,华中,影院购买
572,小飞象,济南泽翊电影院,山东,济南,华东,猫眼电影
573,反贪风暴4,昆明尉苏影院,云南,昆明,西南,线下活动
574,虫林大作战,上海晗靖影院,上海,上海,华东,影院购买
575,欲念游戏,石家庄凌谦影院,河北,石家庄,华北,淘票票
576,最佳男友进化论,张家界乔亦电影院,湖南,张家界,华中,影院购买
577,老师·好,上海泷邢电影院,上海,上海,华东,淘票票
578,在乎你,广州许宫影城,广东,广州,华南,猫眼电影
579,雷霆沙赞！,杭州翊简影院,浙江,杭州,华东,影院购买
580,比悲伤更悲伤的故事,淄博凌乔影城,山东,淄博,华东,影院购买
581,我的宠物是大象,佛山然骆电影院,广东,佛山,华南,影院购买
582,虫林大作战,淄博凌乔影城,山东,淄博,华东,影院购买
583,最佳男友进化论,石家庄凌谦影院,河北,石家庄,华北,影院购买
584,在乎你,上海晗靖影院,上海,上海,华东,线下活动
585,雷霆沙赞！,成都靖浅电影院,四川,成都,西南,影院购买
586,老师·好,乐山袭浔影城,四川,乐山,西南,线下活动
587,在乎你,济南泽翊电影院,山东,济南,华东,线下活动
588,祈祷落幕时,长沙苏暮影城,湖南,长沙,华中,线下活动
589,最佳男友进化论,徐州轲轶影城,江苏,徐州,华东,影院购买
590,反贪风暴4,佛山然骆电影院,广东,佛山,华南,线下活动
591,虫林大作战,金华夜烈影城,浙江,金华,华东,线下活动
592,我的宠物是大象,太原言袭电影院,山西,太原,华北,淘票票
593,我的宠物是大象,上海晗靖影院,上海,上海,华东,线下活动
594,最佳男友进化论,三明尉赤电影院,福建,三明,华东,影院购买
595,小飞象,三明尉赤电影院,福建,三明,华东,猫眼电影
596,虫林大作战,上海泷邢电影院,上海,上海,华东,线下活动
597,小飞象,上海硕许影院,上海,上海,华东,线下活动
598,欲念游戏,昆明尉苏影院,云南,昆明,西南,线下活动
599,在乎你,淄博凌乔影城,山东,淄博,华东,影院购买
600,虫林大作战,株洲浔泷电影院,湖南,株洲,华中,猫眼电影
601,小飞象,太原言袭电影院,山西,太原,华北,线下活动
602,反贪风暴4,佛山然骆电影院,广东,佛山,华南,淘票票
603,老师·好,葫芦岛烨炜影院,辽宁,葫芦岛,东北,淘票票
604,祈祷落幕时,温州倾易电影院,浙江,温州,华东,淘票票
605,雷霆沙赞！,长沙苏暮影城,湖南,长沙,华中,淘票票
606,祈祷落幕时,上海易袭电影院,上海,上海,华东,影院购买
607,我的宠物是大象,三明尉赤电影院,福建,三明,华东,线下活动
608,比悲伤更悲伤的故事,乐山袭浔影城,四川,乐山,西南,影院购买
609,小飞象,淄博凌乔影城,山东,淄博,华东,猫眼电影
610,小飞象,驻马店夜承影院,河南,驻马店,华中,猫眼电影
611,在乎你,昆明尉苏影院,云南,昆明,西南,猫眼电影
612,比悲伤更悲伤的故事,上海泷邢电影院,上海,上海,华东,影院购买
613,调音师,佛山然骆电影院,广东,佛山,华南,猫眼电影
614,比悲伤更悲伤的故事,上海泷邢电影院,上海,上海,华东,淘票票
615,雷霆沙赞！,驻马店夜承影院,河南,驻马店,华中,淘票票
616,我的宠物是大象,上海易袭电影院,上海,上海,华东,淘票票
617,小飞象,上海洺暮影院,上海,上海,华东,影院购买
618,虫林大作战,成都靖浅电影院,四川,成都,西南,影院购买
619,调音师,上海易袭电影院,上海,上海,华东,影院购买
620,雷霆沙赞！,上海洺暮影院,上海,上海,华东,影院购买
621,雷霆沙赞！,株洲浔泷电影院,湖南,株洲,华中,线下活动
622,我的宠物是大象,上海硕许影院,上海,上海,华东,猫眼电影
623,雷霆沙赞！,上海洺暮影院,上海,上海,华东,影院购买
624,最佳男友进化论,上海晗靖影院,上海,上海,华东,线下活动
625,我的宠物是大象,佛山然骆电影院,广东,佛山,华南,猫眼电影
626,欲念游戏,三明尉赤电影院,福建,三明,华东,淘票票
627,祈祷落幕时,株洲浔泷电影院,湖南,株洲,华中,影院购买
628,雷霆沙赞！,佛山然骆电影院,广东,佛山,华南,影院购买
629,老师·好,佛山然骆电影院,广东,佛山,华南,线下活动
630,雷霆沙赞！,株洲浔泷电影院,湖南,株洲,华中,影院购买
631,虫林大作战,太原言袭电影院,山西,太原,华北,线下活动
632,小飞象,佛山然骆电影院,广东,佛山,华南,淘票票
633,我的宠物是大象,广州许宫影城,广东,广州,华南,线下活动
634,欲念游戏,南京璇烨影城,江苏,南京,华东,猫眼电影
635,反贪风暴4,上海晗靖影院,上海,上海,华东,淘票票
636,反贪风暴4,徐州轲轶影城,江苏,徐州,华东,淘票票
637,欲念游戏,济南泽翊电影院,山东,济南,华东,线下活动
638,小飞象,济南泽翊电影院,山东,济南,华东,线下活动
639,调音师,南京璇烨影城,江苏,南京,华东,猫眼电影
640,祈祷落幕时,上海洺暮影院,上海,上海,华东,淘票票
641,老师·好,长沙苏暮影城,湖南,长沙,华中,线下活动
642,我的宠物是大象,杭州翊简影院,浙江,杭州,华东,影院购买
643,反贪风暴4,乐山袭浔影城,四川,乐山,西南,影院购买
644,欲念游戏,广州许宫影城,广东,广州,华南,猫眼电影
645,调音师,昆明尉苏影院,云南,昆明,西南,线下活动
646,欲念游戏,温州倾易电影院,浙江,温州,华东,淘票票
647,最佳男友进化论,上海易袭电影院,上海,上海,华东,线下活动
648,调音师,乐山袭浔影城,四川,乐山,西南,影院购买
649,雷霆沙赞！,南京璇烨影城,江苏,南京,华东,线下活动
650,反贪风暴4,驻马店夜承影院,河南,驻马店,华中,线下活动
651,祈祷落幕时,杭州翊简影院,浙江,杭州,华东,猫眼电影
652,祈祷落幕时,成都靖浅电影院,四川,成都,西南,线下活动
653,雷霆沙赞！,南京璇烨影城,江苏,南京,华东,线下活动
654,我的宠物是大象,上海洺暮影院,上海,上海,华东,线下活动
655,祈祷落幕时,三明尉赤电影院,福建,三明,华东,猫眼电影
656,我的宠物是大象,上海安卓电影院,上海,上海,华东,猫眼电影
657,虫林大作战,温州倾易电影院,浙江,温州,华东,猫眼电影
658,在乎你,三明尉赤电影院,福建,三明,华东,猫眼电影
659,最佳男友进化论,淄博凌乔影城,山东,淄博,华东,猫眼电影
660,调音师,昆明尉苏影院,云南,昆明,西南,影院购买
661,在乎你,长沙苏暮影城,湖南,长沙,华中,影院购买
662,老师·好,沈阳轲赫影城,辽宁,沈阳,东北,线下活动
663,老师·好,济南泽翊电影院,山东,济南,华东,线下活动
664,虫林大作战,乐山袭浔影城,四川,乐山,西南,线下活动
665,欲念游戏,广州许宫影城,广东,广州,华南,线下活动
666,雷霆沙赞！,福州唯赤影城,福建,福州,华东,影院购买
667,我的宠物是大象,葫芦岛烨炜影院,辽宁,葫芦岛,东北,影院购买
668,在乎你,广州许宫影城,广东,广州,华南,猫眼电影
669,虫林大作战,广州许宫影城,广东,广州,华南,影院购买
670,雷霆沙赞！,佛山然骆电影院,广东,佛山,华南,淘票票
671,雷霆沙赞！,上海易袭电影院,上海,上海,华东,淘票票
672,欲念游戏,徐州轲轶影城,江苏,徐州,华东,线下活动
673,欲念游戏,张家界乔亦电影院,湖南,张家界,华中,猫眼电影
674,比悲伤更悲伤的故事,驻马店夜承影院,河南,驻马店,华中,淘票票
675,最佳男友进化论,成都靖浅电影院,四川,成都,西南,猫眼电影
676,最佳男友进化论,上海晗靖影院,上海,上海,华东,猫眼电影
677,比悲伤更悲伤的故事,上海洺暮影院,上海,上海,华东,猫眼电影
678,老师·好,成都靖浅电影院,四川,成都,西南,淘票票
679,调音师,张家界乔亦电影院,湖南,张家界,华中,线下活动
680,虫林大作战,沈阳轲赫影城,辽宁,沈阳,东北,影院购买
681,老师·好,南京璇烨影城,江苏,南京,华东,淘票票
682,比悲伤更悲伤的故事,上海洺暮影院,上海,上海,华东,线下活动
683,在乎你,南京璇烨影城,江苏,南京,华东,影院购买
684,欲念游戏,上海易袭电影院,上海,上海,华东,淘票票
685,我的宠物是大象,石家庄凌谦影院,河北,石家庄,华北,线下活动
686,调音师,淄博凌乔影城,山东,淄博,华东,影院购买
687,雷霆沙赞！,太原言袭电影院,山西,太原,华北,影院购买
688,祈祷落幕时,上海安卓电影院,上海,上海,华东,线下活动
689,最佳男友进化论,杭州翊简影院,浙江,杭州,华东,线下活动
690,反贪风暴4,福州唯赤影城,福建,福州,华东,线下活动
691,调音师,三明尉赤电影院,福建,三明,华东,猫眼电影
692,在乎你,太原言袭电影院,山西,太原,华北,猫眼电影
693,在乎你,乐山袭浔影城,四川,乐山,西南,影院购买
694,老师·好,佛山然骆电影院,广东,佛山,华南,影院购买
695,老师·好,石家庄凌谦影院,河北,石家庄,华北,淘票票
696,我的宠物是大象,长沙苏暮影城,湖南,长沙,华中,淘票票
697,调音师,乐山袭浔影城,四川,乐山,西南,猫眼电影
698,在乎你,徐州轲轶影城,江苏,徐州,华东,影院购买
699,小飞象,石家庄凌谦影院,河北,石家庄,华北,猫眼电影
700,小飞象,淄博凌乔影城,山东,淄博,华东,猫眼电影
701,祈祷落幕时,上海硕许影院,上海,上海,华东,淘票票
702,反贪风暴4,温州倾易电影院,浙江,温州,华东,淘票票
703,虫林大作战,成都靖浅电影院,四川,成都,西南,猫眼电影
704,我的宠物是大象,广州许宫影城,广东,广州,华南,线下活动
705,在乎你,上海易袭电影院,上海,上海,华东,猫眼电影
706,小飞象,福州唯赤影城,福建,福州,华东,线下活动
707,雷霆沙赞！,株洲浔泷电影院,湖南,株洲,华中,线下活动
708,老师·好,三明尉赤电影院,福建,三明,华东,影院购买
709,我的宠物是大象,温州倾易电影院,浙江,温州,华东,影院购买
710,欲念游戏,福州唯赤影城,福建,福州,华东,淘票票
711,在乎你,福州唯赤影城,福建,福州,华东,影院购买
712,雷霆沙赞！,南京璇烨影城,江苏,南京,华东,影院购买
713,欲念游戏,温州倾易电影院,浙江,温州,华东,线下活动
714,欲念游戏,上海晗靖影院,上海,上海,华东,淘票票
715,小飞象,石家庄凌谦影院,河北,石家庄,华北,线下活动
716,调音师,广州许宫影城,广东,广州,华南,影院购买
717,在乎你,株洲浔泷电影院,湖南,株洲,华中,线下活动
718,我的宠物是大象,广州许宫影城,广东,广州,华南,淘票票
719,反贪风暴4,株洲浔泷电影院,湖南,株洲,华中,线下活动
720,欲念游戏,福州唯赤影城,福建,福州,华东,线下活动
721,比悲伤更悲伤的故事,株洲浔泷电影院,湖南,株洲,华中,线下活动
722,在乎你,三明尉赤电影院,福建,三明,华东,猫眼电影
723,反贪风暴4,三明尉赤电影院,福建,三明,华东,淘票票
724,反贪风暴4,太原言袭电影院,山西,太原,华北,猫眼电影
725,最佳男友进化论,福州唯赤影城,福建,福州,华东,影院购买
726,反贪风暴4,上海晗靖影院,上海,上海,华东,影院购买
727,反贪风暴4,长沙苏暮影城,湖南,长沙,华中,影院购买
728,祈祷落幕时,上海泷邢电影院,上海,上海,华东,影院购买
729,老师·好,成都靖浅电影院,四川,成都,西南,影院购买
730,祈祷落幕时,张家界乔亦电影院,湖南,张家界,华中,影院购买
731,小飞象,上海易袭电影院,上海,上海,华东,线下活动
732,在乎你,葫芦岛烨炜影院,辽宁,葫芦岛,东北,影院购买
733,虫林大作战,上海泷邢电影院,上海,上海,华东,线下活动
734,欲念游戏,上海泷邢电影院,上海,上海,华东,淘票票
735,祈祷落幕时,上海硕许影院,上海,上海,华东,影院购买
736,小飞象,济南泽翊电影院,山东,济南,华东,影院购买
737,在乎你,长沙苏暮影城,湖南,长沙,华中,影院购买
738,欲念游戏,温州倾易电影院,浙江,温州,华东,猫眼电影
739,老师·好,驻马店夜承影院,河南,驻马店,华中,影院购买
740,祈祷落幕时,张家界乔亦电影院,湖南,张家界,华中,线下活动
741,小飞象,沈阳轲赫影城,辽宁,沈阳,东北,线下活动
742,我的宠物是大象,沈阳轲赫影城,辽宁,沈阳,东北,淘票票
743,祈祷落幕时,上海晗靖影院,上海,上海,华东,线下活动
744,雷霆沙赞！,福州唯赤影城,福建,福州,华东,猫眼电影
745,反贪风暴4,上海硕许影院,上海,上海,华东,淘票票
746,调音师,株洲浔泷电影院,湖南,株洲,华中,猫眼电影
747,比悲伤更悲伤的故事,济南泽翊电影院,山东,济南,华东,淘票票
748,调音师,沈阳轲赫影城,辽宁,沈阳,东北,淘票票
749,在乎你,徐州轲轶影城,江苏,徐州,华东,线下活动
750,小飞象,徐州轲轶影城,江苏,徐州,华东,猫眼电影
751,老师·好,三明尉赤电影院,福建,三明,华东,淘票票
752,欲念游戏,乐山袭浔影城,四川,乐山,西南,猫眼电影
753,在乎你,南京璇烨影城,江苏,南京,华东,淘票票
754,虫林大作战,上海晗靖影院,上海,上海,华东,影院购买
755,我的宠物是大象,济南泽翊电影院,山东,济南,华东,猫眼电影
756,虫林大作战,驻马店夜承影院,河南,驻马店,华中,淘票票
757,调音师,太原言袭电影院,山西,太原,华北,线下活动
758,雷霆沙赞！,温州倾易电影院,浙江,温州,华东,线下活动
759,祈祷落幕时,徐州轲轶影城,江苏,徐州,华东,淘票票
760,最佳男友进化论,乐山袭浔影城,四川,乐山,西南,淘票票
761,比悲伤更悲伤的故事,沈阳轲赫影城,辽宁,沈阳,东北,猫眼电影
762,调音师,上海洺暮影院,上海,上海,华东,淘票票
763,虫林大作战,淄博凌乔影城,山东,淄博,华东,影院购买
764,反贪风暴4,沈阳轲赫影城,辽宁,沈阳,东北,淘票票
765,欲念游戏,上海晗靖影院,上海,上海,华东,影院购买
766,小飞象,株洲浔泷电影院,湖南,株洲,华中,影院购买
767,在乎你,福州唯赤影城,福建,福州,华东,影院购买
768,祈祷落幕时,上海安卓电影院,上海,上海,华东,线下活动
769,在乎你,上海洺暮影院,上海,上海,华东,影院购买
770,老师·好,佛山然骆电影院,广东,佛山,华南,淘票票
771,我的宠物是大象,上海安卓电影院,上海,上海,华东,猫眼电影
772,最佳男友进化论,上海安卓电影院,上海,上海,华东,淘票票
773,雷霆沙赞！,长沙苏暮影城,湖南,长沙,华中,猫眼电影
774,欲念游戏,上海易袭电影院,上海,上海,华东,猫眼电影
775,比悲伤更悲伤的故事,金华夜烈影城,浙江,金华,华东,猫眼电影
776,虫林大作战,温州倾易电影院,浙江,温州,华东,淘票票
777,欲念游戏,太原言袭电影院,山西,太原,华北,猫眼电影
778,虫林大作战,葫芦岛烨炜影院,辽宁,葫芦岛,东北,淘票票
779,祈祷落幕时,株洲浔泷电影院,湖南,株洲,华中,猫眼电影
780,反贪风暴4,上海晗靖影院,上海,上海,华东,淘票票
781,在乎你,淄博凌乔影城,山东,淄博,华东,淘票票
782,调音师,金华夜烈影城,浙江,金华,华东,淘票票
783,最佳男友进化论,上海易袭电影院,上海,上海,华东,猫眼电影
784,在乎你,张家界乔亦电影院,湖南,张家界,华中,猫眼电影
785,比悲伤更悲伤的故事,成都靖浅电影院,四川,成都,西南,猫眼电影
786,欲念游戏,张家界乔亦电影院,湖南,张家界,华中,线下活动
787,老师·好,上海洺暮影院,上海,上海,华东,淘票票
788,我的宠物是大象,温州倾易电影院,浙江,温州,华东,线下活动
789,反贪风暴4,金华夜烈影城,浙江,金华,华东,线下活动
790,雷霆沙赞！,佛山然骆电影院,广东,佛山,华南,猫眼电影
791,调音师,长沙苏暮影城,湖南,长沙,华中,线下活动
792,雷霆沙赞！,昆明尉苏影院,云南,昆明,西南,淘票票
793,祈祷落幕时,温州倾易电影院,浙江,温州,华东,猫眼电影
794,祈祷落幕时,上海易袭电影院,上海,上海,华东,淘票票
795,老师·好,张家界乔亦电影院,湖南,张家界,华中,淘票票
796,祈祷落幕时,上海易袭电影院,上海,上海,华东,猫眼电影
797,反贪风暴4,徐州轲轶影城,江苏,徐州,华东,猫眼电影
798,我的宠物是大象,沈阳轲赫影城,辽宁,沈阳,东北,猫眼电影
799,反贪风暴4,广州许宫影城,广东,广州,华南,影院购买
800,欲念游戏,驻马店夜承影院,河南,驻马店,华中,线下活动
801,老师·好,南京璇烨影城,江苏,南京,华东,淘票票
802,最佳男友进化论,乐山袭浔影城,四川,乐山,西南,线下活动
803,欲念游戏,太原言袭电影院,山西,太原,华北,猫眼电影
804,老师·好,上海洺暮影院,上海,上海,华东,影院购买
805,欲念游戏,上海泷邢电影院,上海,上海,华东,猫眼电影
806,小飞象,株洲浔泷电影院,湖南,株洲,华中,淘票票
807,最佳男友进化论,成都靖浅电影院,四川,成都,西南,猫眼电影
808,在乎你,上海晗靖影院,上海,上海,华东,猫眼电影
809,比悲伤更悲伤的故事,上海易袭电影院,上海,上海,华东,影院购买
810,调音师,佛山然骆电影院,广东,佛山,华南,影院购买
811,虫林大作战,太原言袭电影院,山西,太原,华北,影院购买
812,最佳男友进化论,成都靖浅电影院,四川,成都,西南,淘票票
813,虫林大作战,上海易袭电影院,上海,上海,华东,影院购买
814,欲念游戏,南京璇烨影城,江苏,南京,华东,淘票票
815,虫林大作战,沈阳轲赫影城,辽宁,沈阳,东北,猫眼电影
816,欲念游戏,上海硕许影院,上海,上海,华东,影院购买
817,最佳男友进化论,上海泷邢电影院,上海,上海,华东,线下活动
818,祈祷落幕时,成都靖浅电影院,四川,成都,西南,线下活动
819,比悲伤更悲伤的故事,上海硕许影院,上海,上海,华东,影院购买
820,我的宠物是大象,上海硕许影院,上海,上海,华东,猫眼电影
821,雷霆沙赞！,上海易袭电影院,上海,上海,华东,影院购买
822,虫林大作战,温州倾易电影院,浙江,温州,华东,猫眼电影
823,欲念游戏,杭州翊简影院,浙江,杭州,华东,淘票票
824,比悲伤更悲伤的故事,佛山然骆电影院,广东,佛山,华南,影院购买
825,欲念游戏,淄博凌乔影城,山东,淄博,华东,线下活动
826,在乎你,杭州翊简影院,浙江,杭州,华东,猫眼电影
827,调音师,太原言袭电影院,山西,太原,华北,影院购买
828,小飞象,佛山然骆电影院,广东,佛山,华南,线下活动
829,虫林大作战,昆明尉苏影院,云南,昆明,西南,猫眼电影
830,小飞象,成都靖浅电影院,四川,成都,西南,影院购买
831,最佳男友进化论,三明尉赤电影院,福建,三明,华东,线下活动
832,最佳男友进化论,成都靖浅电影院,四川,成都,西南,影院购买
833,欲念游戏,石家庄凌谦影院,河北,石家庄,华北,淘票票
834,欲念游戏,昆明尉苏影院,云南,昆明,西南,线下活动
835,我的宠物是大象,乐山袭浔影城,四川,乐山,西南,淘票票
836,比悲伤更悲伤的故事,张家界乔亦电影院,湖南,张家界,华中,淘票票
837,反贪风暴4,驻马店夜承影院,河南,驻马店,华中,线下活动
838,比悲伤更悲伤的故事,张家界乔亦电影院,湖南,张家界,华中,线下活动
839,祈祷落幕时,上海晗靖影院,上海,上海,华东,影院购买
840,最佳男友进化论,张家界乔亦电影院,湖南,张家界,华中,影院购买
841,调音师,三明尉赤电影院,福建,三明,华东,淘票票
842,欲念游戏,沈阳轲赫影城,辽宁,沈阳,东北,猫眼电影
843,比悲伤更悲伤的故事,葫芦岛烨炜影院,辽宁,葫芦岛,东北,淘票票
844,比悲伤更悲伤的故事,杭州翊简影院,浙江,杭州,华东,线下活动
845,祈祷落幕时,佛山然骆电影院,广东,佛山,华南,淘票票
846,在乎你,上海易袭电影院,上海,上海,华东,猫眼电影
847,欲念游戏,佛山然骆电影院,广东,佛山,华南,影院购买
848,小飞象,上海硕许影院,上海,上海,华东,猫眼电影
849,欲念游戏,上海晗靖影院,上海,上海,华东,线下活动
850,祈祷落幕时,淄博凌乔影城,山东,淄博,华东,影院购买
851,我的宠物是大象,南京璇烨影城,江苏,南京,华东,淘票票
852,祈祷落幕时,张家界乔亦电影院,湖南,张家界,华中,淘票票
853,虫林大作战,上海泷邢电影院,上海,上海,华东,影院购买
854,最佳男友进化论,沈阳轲赫影城,辽宁,沈阳,东北,线下活动
855,我的宠物是大象,上海洺暮影院,上海,上海,华东,猫眼电影
856,祈祷落幕时,长沙苏暮影城,湖南,长沙,华中,影院购买
857,老师·好,温州倾易电影院,浙江,温州,华东,猫眼电影
858,欲念游戏,上海晗靖影院,上海,上海,华东,猫眼电影
859,比悲伤更悲伤的故事,济南泽翊电影院,山东,济南,华东,淘票票
860,小飞象,上海硕许影院,上海,上海,华东,影院购买
861,虫林大作战,昆明尉苏影院,云南,昆明,西南,线下活动
862,比悲伤更悲伤的故事,沈阳轲赫影城,辽宁,沈阳,东北,淘票票
863,小飞象,昆明尉苏影院,云南,昆明,西南,猫眼电影
864,比悲伤更悲伤的故事,广州许宫影城,广东,广州,华南,猫眼电影
865,欲念游戏,南京璇烨影城,江苏,南京,华东,影院购买
866,老师·好,石家庄凌谦影院,河北,石家庄,华北,猫眼电影
867,祈祷落幕时,葫芦岛烨炜影院,辽宁,葫芦岛,东北,线下活动
868,在乎你,淄博凌乔影城,山东,淄博,华东,线下活动
869,在乎你,张家界乔亦电影院,湖南,张家界,华中,猫眼电影
870,反贪风暴4,三明尉赤电影院,福建,三明,华东,线下活动
871,虫林大作战,福州唯赤影城,福建,福州,华东,线下活动
872,小飞象,淄博凌乔影城,山东,淄博,华东,淘票票
873,比悲伤更悲伤的故事,沈阳轲赫影城,辽宁,沈阳,东北,淘票票
874,最佳男友进化论,成都靖浅电影院,四川,成都,西南,线下活动
875,虫林大作战,南京璇烨影城,江苏,南京,华东,影院购买
876,比悲伤更悲伤的故事,佛山然骆电影院,广东,佛山,华南,淘票票
877,我的宠物是大象,三明尉赤电影院,福建,三明,华东,淘票票
878,小飞象,温州倾易电影院,浙江,温州,华东,影院购买
879,虫林大作战,太原言袭电影院,山西,太原,华北,线下活动
880,我的宠物是大象,长沙苏暮影城,湖南,长沙,华中,影院购买
881,在乎你,温州倾易电影院,浙江,温州,华东,猫眼电影
882,最佳男友进化论,三明尉赤电影院,福建,三明,华东,线下活动
883,雷霆沙赞！,驻马店夜承影院,河南,驻马店,华中,影院购买
884,祈祷落幕时,福州唯赤影城,福建,福州,华东,线下活动
885,雷霆沙赞！,淄博凌乔影城,山东,淄博,华东,淘票票
886,最佳男友进化论,南京璇烨影城,江苏,南京,华东,影院购买
887,雷霆沙赞！,徐州轲轶影城,江苏,徐州,华东,猫眼电影
888,老师·好,张家界乔亦电影院,湖南,张家界,华中,影院购买
889,比悲伤更悲伤的故事,太原言袭电影院,山西,太原,华北,影院购买
890,反贪风暴4,上海易袭电影院,上海,上海,华东,线下活动
891,我的宠物是大象,上海易袭电影院,上海,上海,华东,影院购买
892,祈祷落幕时,广州许宫影城,广东,广州,华南,影院购买
893,祈祷落幕时,南京璇烨影城,江苏,南京,华东,淘票票
894,小飞象,昆明尉苏影院,云南,昆明,西南,猫眼电影
895,最佳男友进化论,太原言袭电影院,山西,太原,华北,猫眼电影
896,我的宠物是大象,乐山袭浔影城,四川,乐山,西南,猫眼电影
897,祈祷落幕时,三明尉赤电影院,福建,三明,华东,淘票票
898,反贪风暴4,佛山然骆电影院,广东,佛山,华南,影院购买
899,祈祷落幕时,上海晗靖影院,上海,上海,华东,猫眼电影
900,祈祷落幕时,张家界乔亦电影院,湖南,张家界,华中,线下活动
901,虫林大作战,三明尉赤电影院,福建,三明,华东,猫眼电影
902,小飞象,长沙苏暮影城,湖南,长沙,华中,影院购买
903,欲念游戏,徐州轲轶影城,江苏,徐州,华东,线下活动
904,最佳男友进化论,太原言袭电影院,山西,太原,华北,线下活动
905,最佳男友进化论,广州许宫影城,广东,广州,华南,线下活动
906,调音师,乐山袭浔影城,四川,乐山,西南,线下活动
907,欲念游戏,佛山然骆电影院,广东,佛山,华南,淘票票
908,在乎你,济南泽翊电影院,山东,济南,华东,线下活动
909,欲念游戏,淄博凌乔影城,山东,淄博,华东,猫眼电影
910,老师·好,昆明尉苏影院,云南,昆明,西南,线下活动
911,雷霆沙赞！,上海泷邢电影院,上海,上海,华东,猫眼电影
912,反贪风暴4,杭州翊简影院,浙江,杭州,华东,影院购买
913,比悲伤更悲伤的故事,上海硕许影院,上海,上海,华东,影院购买
914,欲念游戏,上海硕许影院,上海,上海,华东,猫眼电影
915,虫林大作战,广州许宫影城,广东,广州,华南,淘票票
916,比悲伤更悲伤的故事,上海晗靖影院,上海,上海,华东,线下活动
917,调音师,温州倾易电影院,浙江,温州,华东,影院购买
918,调音师,金华夜烈影城,浙江,金华,华东,淘票票
919,老师·好,济南泽翊电影院,山东,济南,华东,淘票票
920,我的宠物是大象,金华夜烈影城,浙江,金华,华东,影院购买
921,祈祷落幕时,佛山然骆电影院,广东,佛山,华南,猫眼电影
922,雷霆沙赞！,上海洺暮影院,上海,上海,华东,猫眼电影
923,比悲伤更悲伤的故事,长沙苏暮影城,湖南,长沙,华中,淘票票
924,调音师,石家庄凌谦影院,河北,石家庄,华北,线下活动
925,最佳男友进化论,石家庄凌谦影院,河北,石家庄,华北,线下活动
926,小飞象,福州唯赤影城,福建,福州,华东,线下活动
927,小飞象,金华夜烈影城,浙江,金华,华东,线下活动
928,欲念游戏,广州许宫影城,广东,广州,华南,线下活动
929,反贪风暴4,南京璇烨影城,江苏,南京,华东,淘票票
930,在乎你,长沙苏暮影城,湖南,长沙,华中,线下活动
931,老师·好,驻马店夜承影院,河南,驻马店,华中,猫眼电影
932,雷霆沙赞！,福州唯赤影城,福建,福州,华东,淘票票
933,比悲伤更悲伤的故事,淄博凌乔影城,山东,淄博,华东,线下活动
934,调音师,福州唯赤影城,福建,福州,华东,猫眼电影
935,反贪风暴4,广州许宫影城,广东,广州,华南,淘票票
936,比悲伤更悲伤的故事,上海安卓电影院,上海,上海,华东,淘票票
937,小飞象,福州唯赤影城,福建,福州,华东,猫眼电影
938,虫林大作战,长沙苏暮影城,湖南,长沙,华中,猫眼电影
939,最佳男友进化论,佛山然骆电影院,广东,佛山,华南,猫眼电影
940,在乎你,佛山然骆电影院,广东,佛山,华南,猫眼电影
941,在乎你,上海晗靖影院,上海,上海,华东,淘票票
942,小飞象,上海泷邢电影院,上海,上海,华东,淘票票
943,小飞象,淄博凌乔影城,山东,淄博,华东,淘票票
944,在乎你,淄博凌乔影城,山东,淄博,华东,影院购买
945,祈祷落幕时,上海易袭电影院,上海,上海,华东,淘票票
946,小飞象,上海洺暮影院,上海,上海,华东,淘票票
947,我的宠物是大象,昆明尉苏影院,云南,昆明,西南,猫眼电影
948,在乎你,昆明尉苏影院,云南,昆明,西南,影院购买
949,虫林大作战,长沙苏暮影城,湖南,长沙,华中,线下活动
950,雷霆沙赞！,石家庄凌谦影院,河北,石家庄,华北,猫眼电影
951,调音师,上海硕许影院,上海,上海,华东,线下活动
952,我的宠物是大象,济南泽翊电影院,山东,济南,华东,影院购买
953,调音师,太原言袭电影院,山西,太原,华北,线下活动
954,在乎你,金华夜烈影城,浙江,金华,华东,淘票票
955,调音师,上海晗靖影院,上海,上海,华东,影院购买
956,我的宠物是大象,株洲浔泷电影院,湖南,株洲,华中,淘票票
957,反贪风暴4,长沙苏暮影城,湖南,长沙,华中,影院购买
958,在乎你,福州唯赤影城,福建,福州,华东,淘票票
959,在乎你,石家庄凌谦影院,河北,石家庄,华北,淘票票
960,反贪风暴4,张家界乔亦电影院,湖南,张家界,华中,线下活动
961,欲念游戏,杭州翊简影院,浙江,杭州,华东,线下活动
962,老师·好,石家庄凌谦影院,河北,石家庄,华北,淘票票
963,小飞象,三明尉赤电影院,福建,三明,华东,线下活动
964,老师·好,太原言袭电影院,山西,太原,华北,猫眼电影
965,老师·好,上海泷邢电影院,上海,上海,华东,影院购买
966,在乎你,福州唯赤影城,福建,福州,华东,猫眼电影
967,雷霆沙赞！,乐山袭浔影城,四川,乐山,西南,影院购买
968,老师·好,南京璇烨影城,江苏,南京,华东,影院购买
969,老师·好,金华夜烈影城,浙江,金华,华东,淘票票
970,小飞象,上海泷邢电影院,上海,上海,华东,猫眼电影
971,反贪风暴4,上海易袭电影院,上海,上海,华东,猫眼电影
972,最佳男友进化论,杭州翊简影院,浙江,杭州,华东,淘票票
973,调音师,徐州轲轶影城,江苏,徐州,华东,淘票票
974,欲念游戏,成都靖浅电影院,四川,成都,西南,淘票票
975,调音师,三明尉赤电影院,福建,三明,华东,猫眼电影
976,虫林大作战,昆明尉苏影院,云南,昆明,西南,猫眼电影
977,我的宠物是大象,金华夜烈影城,浙江,金华,华东,线下活动
978,老师·好,太原言袭电影院,山西,太原,华北,猫眼电影
979,欲念游戏,徐州轲轶影城,江苏,徐州,华东,线下活动
980,在乎你,杭州翊简影院,浙江,杭州,华东,淘票票
981,虫林大作战,驻马店夜承影院,河南,驻马店,华中,线下活动
982,最佳男友进化论,温州倾易电影院,浙江,温州,华东,线下活动
983,最佳男友进化论,济南泽翊电影院,山东,济南,华东,线下活动
984,欲念游戏,南京璇烨影城,江苏,南京,华东,淘票票
985,老师·好,葫芦岛烨炜影院,辽宁,葫芦岛,东北,淘票票
986,比悲伤更悲伤的故事,葫芦岛烨炜影院,辽宁,葫芦岛,东北,猫眼电影
987,比悲伤更悲伤的故事,徐州轲轶影城,江苏,徐州,华东,淘票票
988,我的宠物是大象,上海硕许影院,上海,上海,华东,猫眼电影
989,雷霆沙赞！,上海洺暮影院,上海,上海,华东,猫眼电影
990,虫林大作战,淄博凌乔影城,山东,淄博,华东,猫眼电影
991,虫林大作战,广州许宫影城,广东,广州,华南,影院购买
992,虫林大作战,驻马店夜承影院,河南,驻马店,华中,影院购买
993,比悲伤更悲伤的故事,南京璇烨影城,江苏,南京,华东,线下活动
994,小飞象,驻马店夜承影院,河南,驻马店,华中,猫眼电影
995,老师·好,三明尉赤电影院,福建,三明,华东,影院购买
996,在乎你,乐山袭浔影城,四川,乐山,西南,线下活动
997,祈祷落幕时,南京璇烨影城,江苏,南京,华东,淘票票
998,欲念游戏,沈阳轲赫影城,辽宁,沈阳,东北,线下活动
999,虫林大作战,石家庄凌谦影院,河北,石家庄,华北,猫眼电影
1000,雷霆沙赞！,成都靖浅电影院,四川,成都,西南,猫眼电影
1001,虫林大作战,驻马店夜承影院,河南,驻马店,华中,线下活动
1002,欲念游戏,张家界乔亦电影院,湖南,张家界,华中,淘票票
1003,反贪风暴4,上海泷邢电影院,上海,上海,华东,线下活动
1004,虫林大作战,乐山袭浔影城,四川,乐山,西南,猫眼电影
1005,老师·好,徐州轲轶影城,江苏,徐州,华东,淘票票
1006,在乎你,上海安卓电影院,上海,上海,华东,影院购买
1007,小飞象,上海泷邢电影院,上海,上海,华东,线下活动
1008,祈祷落幕时,广州许宫影城,广东,广州,华南,淘票票
1009,我的宠物是大象,昆明尉苏影院,云南,昆明,西南,猫眼电影
1010,我的宠物是大象,上海泷邢电影院,上海,上海,华东,影院购买
1011,雷霆沙赞！,长沙苏暮影城,湖南,长沙,华中,线下活动
1012,欲念游戏,张家界乔亦电影院,湖南,张家界,华中,淘票票
1013,老师·好,长沙苏暮影城,湖南,长沙,华中,影院购买
1014,虫林大作战,沈阳轲赫影城,辽宁,沈阳,东北,线下活动
1015,老师·好,南京璇烨影城,江苏,南京,华东,线下活动
1016,虫林大作战,上海硕许影院,上海,上海,华东,淘票票
1017,虫林大作战,沈阳轲赫影城,辽宁,沈阳,东北,淘票票
1018,雷霆沙赞！,太原言袭电影院,山西,太原,华北,淘票票
1019,我的宠物是大象,三明尉赤电影院,福建,三明,华东,影院购买
1020,反贪风暴4,杭州翊简影院,浙江,杭州,华东,淘票票
1021,祈祷落幕时,张家界乔亦电影院,湖南,张家界,华中,影院购买
1022,比悲伤更悲伤的故事,南京璇烨影城,江苏,南京,华东,淘票票
1023,我的宠物是大象,杭州翊简影院,浙江,杭州,华东,影院购买
1024,最佳男友进化论,长沙苏暮影城,湖南,长沙,华中,线下活动
1025,雷霆沙赞！,沈阳轲赫影城,辽宁,沈阳,东北,猫眼电影
1026,最佳男友进化论,葫芦岛烨炜影院,辽宁,葫芦岛,东北,影院购买
1027,虫林大作战,上海硕许影院,上海,上海,华东,影院购买
1028,老师·好,佛山然骆电影院,广东,佛山,华南,线下活动
1029,祈祷落幕时,福州唯赤影城,福建,福州,华东,影院购买
1030,比悲伤更悲伤的故事,淄博凌乔影城,山东,淄博,华东,线下活动
1031,比悲伤更悲伤的故事,上海安卓电影院,上海,上海,华东,线下活动
1032,在乎你,株洲浔泷电影院,湖南,株洲,华中,线下活动
1033,比悲伤更悲伤的故事,昆明尉苏影院,云南,昆明,西南,猫眼电影
1034,雷霆沙赞！,沈阳轲赫影城,辽宁,沈阳,东北,猫眼电影
1035,比悲伤更悲伤的故事,南京璇烨影城,江苏,南京,华东,猫眼电影
1036,老师·好,金华夜烈影城,浙江,金华,华东,影院购买
1037,我的宠物是大象,张家界乔亦电影院,湖南,张家界,华中,猫眼电影
1038,小飞象,南京璇烨影城,江苏,南京,华东,线下活动
1039,祈祷落幕时,福州唯赤影城,福建,福州,华东,猫眼电影
1040,雷霆沙赞！,佛山然骆电影院,广东,佛山,华南,影院购买
1041,比悲伤更悲伤的故事,株洲浔泷电影院,湖南,株洲,华中,线下活动
1042,欲念游戏,葫芦岛烨炜影院,辽宁,葫芦岛,东北,猫眼电影
1043,祈祷落幕时,上海晗靖影院,上海,上海,华东,淘票票
1044,小飞象,上海硕许影院,上海,上海,华东,猫眼电影
1045,祈祷落幕时,上海硕许影院,上海,上海,华东,猫眼电影
1046,我的宠物是大象,葫芦岛烨炜影院,辽宁,葫芦岛,东北,影院购买
1047,老师·好,上海洺暮影院,上海,上海,华东,猫眼电影
1048,调音师,石家庄凌谦影院,河北,石家庄,华北,影院购买
1049,比悲伤更悲伤的故事,上海泷邢电影院,上海,上海,华东,淘票票
1050,反贪风暴4,上海晗靖影院,上海,上海,华东,线下活动
1051,雷霆沙赞！,株洲浔泷电影院,湖南,株洲,华中,淘票票
1052,祈祷落幕时,南京璇烨影城,江苏,南京,华东,淘票票
1053,欲念游戏,上海洺暮影院,上海,上海,华东,猫眼电影
1054,在乎你,葫芦岛烨炜影院,辽宁,葫芦岛,东北,影院购买
1055,雷霆沙赞！,上海安卓电影院,上海,上海,华东,猫眼电影
1056,最佳男友进化论,温州倾易电影院,浙江,温州,华东,淘票票
1057,小飞象,石家庄凌谦影院,河北,石家庄,华北,淘票票
1058,虫林大作战,张家界乔亦电影院,湖南,张家界,华中,猫眼电影
1059,祈祷落幕时,杭州翊简影院,浙江,杭州,华东,线下活动
1060,比悲伤更悲伤的故事,太原言袭电影院,山西,太原,华北,影院购买
1061,小飞象,上海洺暮影院,上海,上海,华东,淘票票
1062,在乎你,张家界乔亦电影院,湖南,张家界,华中,猫眼电影
1063,调音师,长沙苏暮影城,湖南,长沙,华中,线下活动
1064,比悲伤更悲伤的故事,佛山然骆电影院,广东,佛山,华南,线下活动
1065,比悲伤更悲伤的故事,葫芦岛烨炜影院,辽宁,葫芦岛,东北,线下活动
1066,雷霆沙赞！,太原言袭电影院,山西,太原,华北,淘票票
1067,老师·好,上海安卓电影院,上海,上海,华东,猫眼电影
1068,小飞象,南京璇烨影城,江苏,南京,华东,影院购买
1069,我的宠物是大象,福州唯赤影城,福建,福州,华东,淘票票
1070,虫林大作战,三明尉赤电影院,福建,三明,华东,淘票票
1071,小飞象,上海泷邢电影院,上海,上海,华东,影院购买
1072,比悲伤更悲伤的故事,济南泽翊电影院,山东,济南,华东,淘票票
1073,调音师,昆明尉苏影院,云南,昆明,西南,影院购买
1074,调音师,金华夜烈影城,浙江,金华,华东,线下活动
1075,欲念游戏,株洲浔泷电影院,湖南,株洲,华中,线下活动
1076,老师·好,上海泷邢电影院,上海,上海,华东,影院购买
1077,反贪风暴4,南京璇烨影城,江苏,南京,华东,影院购买
1078,调音师,上海易袭电影院,上海,上海,华东,淘票票
1079,祈祷落幕时,上海安卓电影院,上海,上海,华东,猫眼电影
1080,祈祷落幕时,淄博凌乔影城,山东,淄博,华东,线下活动
1081,调音师,上海晗靖影院,上海,上海,华东,淘票票
1082,最佳男友进化论,昆明尉苏影院,云南,昆明,西南,猫眼电影
1083,雷霆沙赞！,南京璇烨影城,江苏,南京,华东,影院购买
1084,调音师,驻马店夜承影院,河南,驻马店,华中,淘票票
1085,祈祷落幕时,杭州翊简影院,浙江,杭州,华东,猫眼电影
1086,虫林大作战,徐州轲轶影城,江苏,徐州,华东,淘票票
1087,我的宠物是大象,上海泷邢电影院,上海,上海,华东,影院购买
1088,我的宠物是大象,广州许宫影城,广东,广州,华南,影院购买
1089,小飞象,金华夜烈影城,浙江,金华,华东,猫眼电影
1090,我的宠物是大象,株洲浔泷电影院,湖南,株洲,华中,影院购买
1091,我的宠物是大象,成都靖浅电影院,四川,成都,西南,影院购买
1092,虫林大作战,徐州轲轶影城,江苏,徐州,华东,线下活动
1093,小飞象,昆明尉苏影院,云南,昆明,西南,影院购买
1094,我的宠物是大象,驻马店夜承影院,河南,驻马店,华中,猫眼电影
1095,反贪风暴4,杭州翊简影院,浙江,杭州,华东,猫眼电影
1096,比悲伤更悲伤的故事,沈阳轲赫影城,辽宁,沈阳,东北,淘票票
1097,我的宠物是大象,昆明尉苏影院,云南,昆明,西南,线下活动
1098,虫林大作战,淄博凌乔影城,山东,淄博,华东,影院购买
1099,雷霆沙赞！,温州倾易电影院,浙江,温州,华东,淘票票
1100,我的宠物是大象,葫芦岛烨炜影院,辽宁,葫芦岛,东北,线下活动
1101,在乎你,福州唯赤影城,福建,福州,华东,淘票票
1102,欲念游戏,长沙苏暮影城,湖南,长沙,华中,影院购买
1103,雷霆沙赞！,株洲浔泷电影院,湖南,株洲,华中,猫眼电影
1104,小飞象,济南泽翊电影院,山东,济南,华东,影院购买
1105,比悲伤更悲伤的故事,乐山袭浔影城,四川,乐山,西南,线下活动
1106,欲念游戏,南京璇烨影城,江苏,南京,华东,猫眼电影
1107,虫林大作战,乐山袭浔影城,四川,乐山,西南,淘票票
1108,最佳男友进化论,成都靖浅电影院,四川,成都,西南,影院购买
1109,在乎你,长沙苏暮影城,湖南,长沙,华中,线下活动
1110,调音师,上海硕许影院,上海,上海,华东,猫眼电影
1111,小飞象,昆明尉苏影院,云南,昆明,西南,影院购买
1112,老师·好,徐州轲轶影城,江苏,徐州,华东,淘票票
1113,我的宠物是大象,长沙苏暮影城,湖南,长沙,华中,淘票票
1114,反贪风暴4,上海易袭电影院,上海,上海,华东,影院购买
1115,老师·好,金华夜烈影城,浙江,金华,华东,线下活动
1116,最佳男友进化论,昆明尉苏影院,云南,昆明,西南,影院购买
1117,雷霆沙赞！,福州唯赤影城,福建,福州,华东,线下活动
1118,雷霆沙赞！,株洲浔泷电影院,湖南,株洲,华中,淘票票
1119,祈祷落幕时,上海易袭电影院,上海,上海,华东,淘票票
1120,我的宠物是大象,三明尉赤电影院,福建,三明,华东,淘票票
1121,我的宠物是大象,广州许宫影城,广东,广州,华南,影院购买
1122,雷霆沙赞！,驻马店夜承影院,河南,驻马店,华中,猫眼电影
1123,在乎你,沈阳轲赫影城,辽宁,沈阳,东北,猫眼电影
1124,雷霆沙赞！,乐山袭浔影城,四川,乐山,西南,线下活动
1125,虫林大作战,杭州翊简影院,浙江,杭州,华东,淘票票
1126,在乎你,广州许宫影城,广东,广州,华南,影院购买
1127,老师·好,昆明尉苏影院,云南,昆明,西南,猫眼电影
1128,祈祷落幕时,杭州翊简影院,浙江,杭州,华东,猫眼电影
1129,老师·好,葫芦岛烨炜影院,辽宁,葫芦岛,东北,影院购买
1130,祈祷落幕时,金华夜烈影城,浙江,金华,华东,淘票票
1131,比悲伤更悲伤的故事,温州倾易电影院,浙江,温州,华东,影院购买
1132,最佳男友进化论,上海易袭电影院,上海,上海,华东,淘票票
1133,老师·好,济南泽翊电影院,山东,济南,华东,猫眼电影
1134,在乎你,济南泽翊电影院,山东,济南,华东,淘票票
1135,在乎你,佛山然骆电影院,广东,佛山,华南,淘票票
1136,最佳男友进化论,金华夜烈影城,浙江,金华,华东,猫眼电影
1137,最佳男友进化论,南京璇烨影城,江苏,南京,华东,猫眼电影
1138,反贪风暴4,上海泷邢电影院,上海,上海,华东,淘票票
1139,祈祷落幕时,福州唯赤影城,福建,福州,华东,线下活动
1140,反贪风暴4,淄博凌乔影城,山东,淄博,华东,影院购买
1141,最佳男友进化论,株洲浔泷电影院,湖南,株洲,华中,猫眼电影
1142,反贪风暴4,株洲浔泷电影院,湖南,株洲,华中,淘票票
1143,反贪风暴4,石家庄凌谦影院,河北,石家庄,华北,猫眼电影
1144,调音师,长沙苏暮影城,湖南,长沙,华中,影院购买
1145,雷霆沙赞！,金华夜烈影城,浙江,金华,华东,线下活动
1146,老师·好,三明尉赤电影院,福建,三明,华东,影院购买
1147,祈祷落幕时,杭州翊简影院,浙江,杭州,华东,猫眼电影
1148,祈祷落幕时,南京璇烨影城,江苏,南京,华东,淘票票
1149,虫林大作战,温州倾易电影院,浙江,温州,华东,影院购买
1150,最佳男友进化论,杭州翊简影院,浙江,杭州,华东,影院购买
1151,在乎你,上海硕许影院,上海,上海,华东,猫眼电影
1152,祈祷落幕时,济南泽翊电影院,山东,济南,华东,线下活动
1153,虫林大作战,驻马店夜承影院,河南,驻马店,华中,线下活动
1154,反贪风暴4,广州许宫影城,广东,广州,华南,影院购买
1155,雷霆沙赞！,张家界乔亦电影院,湖南,张家界,华中,猫眼电影
1156,在乎你,太原言袭电影院,山西,太原,华北,影院购买
1157,老师·好,温州倾易电影院,浙江,温州,华东,猫眼电影
1158,老师·好,广州许宫影城,广东,广州,华南,猫眼电影
1159,最佳男友进化论,温州倾易电影院,浙江,温州,华东,线下活动
1160,调音师,上海泷邢电影院,上海,上海,华东,猫眼电影
1161,我的宠物是大象,上海硕许影院,上海,上海,华东,线下活动
1162,反贪风暴4,南京璇烨影城,江苏,南京,华东,淘票票
1163,欲念游戏,成都靖浅电影院,四川,成都,西南,淘票票
1164,我的宠物是大象,乐山袭浔影城,四川,乐山,西南,线下活动
1165,老师·好,上海硕许影院,上海,上海,华东,猫眼电影
1166,我的宠物是大象,南京璇烨影城,江苏,南京,华东,猫眼电影
1167,最佳男友进化论,广州许宫影城,广东,广州,华南,影院购买
1168,小飞象,温州倾易电影院,浙江,温州,华东,线下活动
1169,祈祷落幕时,上海晗靖影院,上海,上海,华东,影院购买
1170,最佳男友进化论,上海硕许影院,上海,上海,华东,影院购买
1171,比悲伤更悲伤的故事,太原言袭电影院,山西,太原,华北,线下活动
1172,虫林大作战,成都靖浅电影院,四川,成都,西南,影院购买
1173,比悲伤更悲伤的故事,昆明尉苏影院,云南,昆明,西南,淘票票
1174,欲念游戏,株洲浔泷电影院,湖南,株洲,华中,猫眼电影
1175,最佳男友进化论,石家庄凌谦影院,河北,石家庄,华北,线下活动
1176,调音师,石家庄凌谦影院,河北,石家庄,华北,猫眼电影
1177,比悲伤更悲伤的故事,昆明尉苏影院,云南,昆明,西南,猫眼电影
1178,最佳男友进化论,金华夜烈影城,浙江,金华,华东,线下活动
1179,雷霆沙赞！,佛山然骆电影院,广东,佛山,华南,影院购买
1180,老师·好,太原言袭电影院,山西,太原,华北,猫眼电影
1181,欲念游戏,太原言袭电影院,山西,太原,华北,影院购买
1182,最佳男友进化论,徐州轲轶影城,江苏,徐州,华东,淘票票
1183,雷霆沙赞！,济南泽翊电影院,山东,济南,华东,线下活动
1184,雷霆沙赞！,成都靖浅电影院,四川,成都,西南,猫眼电影
1185,最佳男友进化论,福州唯赤影城,福建,福州,华东,影院购买
1186,在乎你,上海晗靖影院,上海,上海,华东,猫眼电影
1187,调音师,葫芦岛烨炜影院,辽宁,葫芦岛,东北,影院购买
1188,我的宠物是大象,沈阳轲赫影城,辽宁,沈阳,东北,猫眼电影
1189,欲念游戏,上海安卓电影院,上海,上海,华东,影院购买
1190,虫林大作战,长沙苏暮影城,湖南,长沙,华中,淘票票
1191,调音师,株洲浔泷电影院,湖南,株洲,华中,淘票票
1192,虫林大作战,太原言袭电影院,山西,太原,华北,影院购买
1193,比悲伤更悲伤的故事,广州许宫影城,广东,广州,华南,影院购买
1194,祈祷落幕时,淄博凌乔影城,山东,淄博,华东,猫眼电影
1195,祈祷落幕时,石家庄凌谦影院,河北,石家庄,华北,淘票票
1196,在乎你,上海易袭电影院,上海,上海,华东,淘票票
1197,虫林大作战,福州唯赤影城,福建,福州,华东,影院购买
1198,我的宠物是大象,杭州翊简影院,浙江,杭州,华东,影院购买
1199,我的宠物是大象,沈阳轲赫影城,辽宁,沈阳,东北,猫眼电影
1200,比悲伤更悲伤的故事,石家庄凌谦影院,河北,石家庄,华北,猫眼电影
1201,小飞象,徐州轲轶影城,江苏,徐州,华东,猫眼电影
1202,老师·好,杭州翊简影院,浙江,杭州,华东,猫眼电影
1203,欲念游戏,乐山袭浔影城,四川,乐山,西南,影院购买
1204,我的宠物是大象,温州倾易电影院,浙江,温州,华东,线下活动
1205,调音师,金华夜烈影城,浙江,金华,华东,线下活动
1206,反贪风暴4,福州唯赤影城,福建,福州,华东,淘票票
1207,老师·好,上海泷邢电影院,上海,上海,华东,线下活动
1208,调音师,石家庄凌谦影院,河北,石家庄,华北,线下活动
1209,欲念游戏,淄博凌乔影城,山东,淄博,华东,影院购买
1210,调音师,上海晗靖影院,上海,上海,华东,影院购买
1211,比悲伤更悲伤的故事,温州倾易电影院,浙江,温州,华东,线下活动
1212,老师·好,张家界乔亦电影院,湖南,张家界,华中,影院购买
1213,最佳男友进化论,乐山袭浔影城,四川,乐山,西南,线下活动
1214,反贪风暴4,长沙苏暮影城,湖南,长沙,华中,线下活动
1215,比悲伤更悲伤的故事,杭州翊简影院,浙江,杭州,华东,线下活动
1216,反贪风暴4,上海安卓电影院,上海,上海,华东,影院购买
1217,雷霆沙赞！,上海晗靖影院,上海,上海,华东,线下活动
1218,反贪风暴4,张家界乔亦电影院,湖南,张家界,华中,影院购买
1219,祈祷落幕时,三明尉赤电影院,福建,三明,华东,猫眼电影
1220,调音师,葫芦岛烨炜影院,辽宁,葫芦岛,东北,影院购买
1221,虫林大作战,淄博凌乔影城,山东,淄博,华东,猫眼电影
1222,在乎你,金华夜烈影城,浙江,金华,华东,线下活动
1223,祈祷落幕时,上海晗靖影院,上海,上海,华东,猫眼电影
1224,最佳男友进化论,昆明尉苏影院,云南,昆明,西南,淘票票
1225,祈祷落幕时,株洲浔泷电影院,湖南,株洲,华中,影院购买
1226,比悲伤更悲伤的故事,杭州翊简影院,浙江,杭州,华东,线下活动
1227,雷霆沙赞！,上海洺暮影院,上海,上海,华东,线下活动
1228,调音师,金华夜烈影城,浙江,金华,华东,影院购买
1229,祈祷落幕时,上海易袭电影院,上海,上海,华东,影院购买
1230,我的宠物是大象,金华夜烈影城,浙江,金华,华东,线下活动
1231,欲念游戏,佛山然骆电影院,广东,佛山,华南,线下活动
1232,虫林大作战,三明尉赤电影院,福建,三明,华东,影院购买
1233,雷霆沙赞！,张家界乔亦电影院,湖南,张家界,华中,线下活动
1234,虫林大作战,昆明尉苏影院,云南,昆明,西南,影院购买
1235,调音师,乐山袭浔影城,四川,乐山,西南,线下活动
1236,反贪风暴4,佛山然骆电影院,广东,佛山,华南,线下活动
1237,最佳男友进化论,上海易袭电影院,上海,上海,华东,淘票票
1238,欲念游戏,金华夜烈影城,浙江,金华,华东,影院购买
1239,反贪风暴4,张家界乔亦电影院,湖南,张家界,华中,线下活动
1240,我的宠物是大象,太原言袭电影院,山西,太原,华北,淘票票
1241,反贪风暴4,上海洺暮影院,上海,上海,华东,线下活动
1242,欲念游戏,上海易袭电影院,上海,上海,华东,猫眼电影
1243,我的宠物是大象,昆明尉苏影院,云南,昆明,西南,淘票票
1244,祈祷落幕时,徐州轲轶影城,江苏,徐州,华东,线下活动
1245,我的宠物是大象,南京璇烨影城,江苏,南京,华东,线下活动
1246,老师·好,石家庄凌谦影院,河北,石家庄,华北,影院购买
1247,虫林大作战,淄博凌乔影城,山东,淄博,华东,线下活动
1248,老师·好,温州倾易电影院,浙江,温州,华东,猫眼电影
1249,在乎你,葫芦岛烨炜影院,辽宁,葫芦岛,东北,淘票票
1250,祈祷落幕时,徐州轲轶影城,江苏,徐州,华东,线下活动
1251,欲念游戏,太原言袭电影院,山西,太原,华北,淘票票
1252,小飞象,佛山然骆电影院,广东,佛山,华南,影院购买
1253,我的宠物是大象,上海晗靖影院,上海,上海,华东,影院购买
1254,调音师,太原言袭电影院,山西,太原,华北,猫眼电影
1255,最佳男友进化论,昆明尉苏影院,云南,昆明,西南,影院购买
1256,在乎你,南京璇烨影城,江苏,南京,华东,猫眼电影
1257,老师·好,上海易袭电影院,上海,上海,华东,线下活动
1258,老师·好,杭州翊简影院,浙江,杭州,华东,淘票票
1259,小飞象,三明尉赤电影院,福建,三明,华东,淘票票
1260,在乎你,济南泽翊电影院,山东,济南,华东,线下活动
1261,小飞象,徐州轲轶影城,江苏,徐州,华东,猫眼电影
1262,调音师,温州倾易电影院,浙江,温州,华东,线下活动
1263,我的宠物是大象,金华夜烈影城,浙江,金华,华东,淘票票
1264,雷霆沙赞！,淄博凌乔影城,山东,淄博,华东,影院购买
1265,最佳男友进化论,长沙苏暮影城,湖南,长沙,华中,猫眼电影
1266,虫林大作战,乐山袭浔影城,四川,乐山,西南,影院购买
1267,小飞象,淄博凌乔影城,山东,淄博,华东,猫眼电影
1268,祈祷落幕时,徐州轲轶影城,江苏,徐州,华东,线下活动
1269,最佳男友进化论,佛山然骆电影院,广东,佛山,华南,线下活动
1270,最佳男友进化论,乐山袭浔影城,四川,乐山,西南,影院购买
1271,雷霆沙赞！,昆明尉苏影院,云南,昆明,西南,淘票票
1272,在乎你,淄博凌乔影城,山东,淄博,华东,线下活动
1273,在乎你,杭州翊简影院,浙江,杭州,华东,淘票票
1274,最佳男友进化论,上海洺暮影院,上海,上海,华东,淘票票
1275,祈祷落幕时,石家庄凌谦影院,河北,石家庄,华北,线下活动
1276,雷霆沙赞！,乐山袭浔影城,四川,乐山,西南,猫眼电影
1277,欲念游戏,温州倾易电影院,浙江,温州,华东,线下活动
1278,在乎你,三明尉赤电影院,福建,三明,华东,线下活动
1279,小飞象,驻马店夜承影院,河南,驻马店,华中,猫眼电影
1280,老师·好,昆明尉苏影院,云南,昆明,西南,线下活动
1281,欲念游戏,温州倾易电影院,浙江,温州,华东,影院购买
1282,反贪风暴4,福州唯赤影城,福建,福州,华东,猫眼电影
1283,虫林大作战,金华夜烈影城,浙江,金华,华东,线下活动
1284,祈祷落幕时,金华夜烈影城,浙江,金华,华东,线下活动
1285,欲念游戏,金华夜烈影城,浙江,金华,华东,影院购买
1286,反贪风暴4,上海泷邢电影院,上海,上海,华东,猫眼电影
1287,雷霆沙赞！,上海安卓电影院,上海,上海,华东,淘票票
1288,比悲伤更悲伤的故事,上海硕许影院,上海,上海,华东,线下活动
1289,小飞象,上海硕许影院,上海,上海,华东,淘票票
1290,调音师,上海泷邢电影院,上海,上海,华东,线下活动
1291,老师·好,上海晗靖影院,上海,上海,华东,淘票票
1292,雷霆沙赞！,南京璇烨影城,江苏,南京,华东,线下活动
1293,虫林大作战,乐山袭浔影城,四川,乐山,西南,淘票票
1294,调音师,成都靖浅电影院,四川,成都,西南,猫眼电影
1295,祈祷落幕时,上海晗靖影院,上海,上海,华东,淘票票
1296,虫林大作战,金华夜烈影城,浙江,金华,华东,影院购买
1297,小飞象,驻马店夜承影院,河南,驻马店,华中,影院购买
1298,欲念游戏,三明尉赤电影院,福建,三明,华东,影院购买
1299,老师·好,徐州轲轶影城,江苏,徐州,华东,影院购买
1300,最佳男友进化论,上海泷邢电影院,上海,上海,华东,影院购买
1301,小飞象,上海泷邢电影院,上海,上海,华东,猫眼电影
1302,小飞象,广州许宫影城,广东,广州,华南,猫眼电影
1303,反贪风暴4,长沙苏暮影城,湖南,长沙,华中,淘票票
1304,小飞象,广州许宫影城,广东,广州,华南,猫眼电影
1305,小飞象,上海硕许影院,上海,上海,华东,影院购买
1306,欲念游戏,徐州轲轶影城,江苏,徐州,华东,淘票票
1307,在乎你,张家界乔亦电影院,湖南,张家界,华中,淘票票
1308,在乎你,佛山然骆电影院,广东,佛山,华南,线下活动
1309,欲念游戏,徐州轲轶影城,江苏,徐州,华东,线下活动
1310,欲念游戏,济南泽翊电影院,山东,济南,华东,线下活动
1311,最佳男友进化论,徐州轲轶影城,江苏,徐州,华东,猫眼电影
1312,比悲伤更悲伤的故事,上海晗靖影院,上海,上海,华东,猫眼电影
1313,最佳男友进化论,石家庄凌谦影院,河北,石家庄,华北,淘票票
1314,我的宠物是大象,长沙苏暮影城,湖南,长沙,华中,淘票票
1315,祈祷落幕时,葫芦岛烨炜影院,辽宁,葫芦岛,东北,淘票票
1316,调音师,株洲浔泷电影院,湖南,株洲,华中,猫眼电影
1317,祈祷落幕时,昆明尉苏影院,云南,昆明,西南,影院购买
1318,最佳男友进化论,驻马店夜承影院,河南,驻马店,华中,猫眼电影
1319,雷霆沙赞！,三明尉赤电影院,福建,三明,华东,影院购买
1320,欲念游戏,上海泷邢电影院,上海,上海,华东,线下活动
1321,最佳男友进化论,济南泽翊电影院,山东,济南,华东,线下活动
1322,欲念游戏,温州倾易电影院,浙江,温州,华东,猫眼电影
1323,祈祷落幕时,乐山袭浔影城,四川,乐山,西南,影院购买
1324,雷霆沙赞！,葫芦岛烨炜影院,辽宁,葫芦岛,东北,淘票票
1325,反贪风暴4,上海洺暮影院,上海,上海,华东,猫眼电影
1326,最佳男友进化论,太原言袭电影院,山西,太原,华北,线下活动
1327,虫林大作战,上海洺暮影院,上海,上海,华东,影院购买
1328,在乎你,驻马店夜承影院,河南,驻马店,华中,影院购买
1329,我的宠物是大象,上海硕许影院,上海,上海,华东,影院购买
1330,比悲伤更悲伤的故事,上海安卓电影院,上海,上海,华东,影院购买
1331,雷霆沙赞！,株洲浔泷电影院,湖南,株洲,华中,淘票票
1332,雷霆沙赞！,上海洺暮影院,上海,上海,华东,淘票票
1333,在乎你,驻马店夜承影院,河南,驻马店,华中,猫眼电影
1334,祈祷落幕时,上海泷邢电影院,上海,上海,华东,影院购买
1335,在乎你,上海洺暮影院,上海,上海,华东,线下活动
1336,祈祷落幕时,太原言袭电影院,山西,太原,华北,猫眼电影
1337,欲念游戏,南京璇烨影城,江苏,南京,华东,线下活动
1338,最佳男友进化论,葫芦岛烨炜影院,辽宁,葫芦岛,东北,线下活动
1339,反贪风暴4,济南泽翊电影院,山东,济南,华东,线下活动
1340,欲念游戏,成都靖浅电影院,四川,成都,西南,猫眼电影
1341,小飞象,太原言袭电影院,山西,太原,华北,淘票票
1342,欲念游戏,上海安卓电影院,上海,上海,华东,淘票票
1343,调音师,石家庄凌谦影院,河北,石家庄,华北,猫眼电影
1344,虫林大作战,上海晗靖影院,上海,上海,华东,线下活动
1345,雷霆沙赞！,南京璇烨影城,江苏,南京,华东,影院购买
1346,反贪风暴4,济南泽翊电影院,山东,济南,华东,猫眼电影
1347,老师·好,上海安卓电影院,上海,上海,华东,淘票票
1348,比悲伤更悲伤的故事,徐州轲轶影城,江苏,徐州,华东,猫眼电影
1349,最佳男友进化论,太原言袭电影院,山西,太原,华北,淘票票
1350,比悲伤更悲伤的故事,上海易袭电影院,上海,上海,华东,影院购买
1351,最佳男友进化论,上海易袭电影院,上海,上海,华东,影院购买
1352,在乎你,广州许宫影城,广东,广州,华南,影院购买
1353,祈祷落幕时,上海安卓电影院,上海,上海,华东,猫眼电影
1354,调音师,上海洺暮影院,上海,上海,华东,淘票票
1355,调音师,福州唯赤影城,福建,福州,华东,猫眼电影
1356,老师·好,济南泽翊电影院,山东,济南,华东,影院购买
1357,在乎你,上海晗靖影院,上海,上海,华东,线下活动
1358,老师·好,驻马店夜承影院,河南,驻马店,华中,影院购买
1359,在乎你,温州倾易电影院,浙江,温州,华东,线下活动
1360,小飞象,太原言袭电影院,山西,太原,华北,影院购买
1361,我的宠物是大象,葫芦岛烨炜影院,辽宁,葫芦岛,东北,猫眼电影
1362,最佳男友进化论,株洲浔泷电影院,湖南,株洲,华中,线下活动
1363,调音师,张家界乔亦电影院,湖南,张家界,华中,线下活动
1364,虫林大作战,上海易袭电影院,上海,上海,华东,猫眼电影
1365,祈祷落幕时,南京璇烨影城,江苏,南京,华东,线下活动
1366,小飞象,金华夜烈影城,浙江,金华,华东,线下活动
1367,老师·好,上海晗靖影院,上海,上海,华东,猫眼电影
1368,虫林大作战,淄博凌乔影城,山东,淄博,华东,淘票票
1369,在乎你,金华夜烈影城,浙江,金华,华东,猫眼电影
1370,雷霆沙赞！,杭州翊简影院,浙江,杭州,华东,影院购买
1371,比悲伤更悲伤的故事,石家庄凌谦影院,河北,石家庄,华北,猫眼电影
1372,在乎你,杭州翊简影院,浙江,杭州,华东,猫眼电影
1373,最佳男友进化论,上海洺暮影院,上海,上海,华东,淘票票
1374,欲念游戏,金华夜烈影城,浙江,金华,华东,淘票票
1375,祈祷落幕时,三明尉赤电影院,福建,三明,华东,影院购买
1376,调音师,济南泽翊电影院,山东,济南,华东,猫眼电影
1377,反贪风暴4,上海易袭电影院,上海,上海,华东,淘票票
1378,比悲伤更悲伤的故事,太原言袭电影院,山西,太原,华北,淘票票
1379,虫林大作战,南京璇烨影城,江苏,南京,华东,线下活动
1380,最佳男友进化论,石家庄凌谦影院,河北,石家庄,华北,影院购买
1381,祈祷落幕时,金华夜烈影城,浙江,金华,华东,猫眼电影
1382,调音师,杭州翊简影院,浙江,杭州,华东,影院购买
1383,欲念游戏,三明尉赤电影院,福建,三明,华东,影院购买
1384,祈祷落幕时,广州许宫影城,广东,广州,华南,线下活动
1385,欲念游戏,昆明尉苏影院,云南,昆明,西南,影院购买
1386,在乎你,葫芦岛烨炜影院,辽宁,葫芦岛,东北,影院购买
1387,我的宠物是大象,石家庄凌谦影院,河北,石家庄,华北,线下活动
1388,调音师,上海硕许影院,上海,上海,华东,线下活动
1389,反贪风暴4,广州许宫影城,广东,广州,华南,影院购买
1390,比悲伤更悲伤的故事,上海泷邢电影院,上海,上海,华东,淘票票
1391,最佳男友进化论,驻马店夜承影院,河南,驻马店,华中,淘票票
1392,虫林大作战,乐山袭浔影城,四川,乐山,西南,线下活动
1393,祈祷落幕时,广州许宫影城,广东,广州,华南,线下活动
1394,最佳男友进化论,石家庄凌谦影院,河北,石家庄,华北,猫眼电影
1395,最佳男友进化论,太原言袭电影院,山西,太原,华北,影院购买
1396,在乎你,上海安卓电影院,上海,上海,华东,淘票票
1397,欲念游戏,上海晗靖影院,上海,上海,华东,猫眼电影
1398,调音师,福州唯赤影城,福建,福州,华东,猫眼电影
1399,反贪风暴4,佛山然骆电影院,广东,佛山,华南,线下活动
1400,反贪风暴4,石家庄凌谦影院,河北,石家庄,华北,影院购买
1401,最佳男友进化论,太原言袭电影院,山西,太原,华北,线下活动
1402,在乎你,昆明尉苏影院,云南,昆明,西南,线下活动
1403,比悲伤更悲伤的故事,福州唯赤影城,福建,福州,华东,影院购买
1404,最佳男友进化论,上海硕许影院,上海,上海,华东,淘票票
1405,在乎你,三明尉赤电影院,福建,三明,华东,淘票票
1406,祈祷落幕时,上海硕许影院,上海,上海,华东,线下活动
1407,最佳男友进化论,南京璇烨影城,江苏,南京,华东,线下活动
1408,调音师,济南泽翊电影院,山东,济南,华东,影院购买
1409,反贪风暴4,上海泷邢电影院,上海,上海,华东,淘票票
1410,雷霆沙赞！,石家庄凌谦影院,河北,石家庄,华北,线下活动
1411,小飞象,上海安卓电影院,上海,上海,华东,影院购买
1412,比悲伤更悲伤的故事,长沙苏暮影城,湖南,长沙,华中,猫眼电影
1413,虫林大作战,淄博凌乔影城,山东,淄博,华东,线下活动
1414,小飞象,驻马店夜承影院,河南,驻马店,华中,猫眼电影
1415,调音师,杭州翊简影院,浙江,杭州,华东,线下活动
1416,在乎你,太原言袭电影院,山西,太原,华北,线下活动
1417,老师·好,上海硕许影院,上海,上海,华东,影院购买
1418,反贪风暴4,上海安卓电影院,上海,上海,华东,影院购买
1419,欲念游戏,葫芦岛烨炜影院,辽宁,葫芦岛,东北,影院购买
1420,祈祷落幕时,上海硕许影院,上海,上海,华东,影院购买
1421,我的宠物是大象,上海硕许影院,上海,上海,华东,猫眼电影
1422,调音师,徐州轲轶影城,江苏,徐州,华东,淘票票
1423,我的宠物是大象,淄博凌乔影城,山东,淄博,华东,淘票票
1424,最佳男友进化论,沈阳轲赫影城,辽宁,沈阳,东北,猫眼电影
1425,祈祷落幕时,石家庄凌谦影院,河北,石家庄,华北,线下活动
1426,比悲伤更悲伤的故事,佛山然骆电影院,广东,佛山,华南,线下活动
1427,祈祷落幕时,上海易袭电影院,上海,上海,华东,线下活动
1428,雷霆沙赞！,株洲浔泷电影院,湖南,株洲,华中,线下活动
1429,祈祷落幕时,上海易袭电影院,上海,上海,华东,猫眼电影
1430,老师·好,佛山然骆电影院,广东,佛山,华南,猫眼电影
1431,祈祷落幕时,昆明尉苏影院,云南,昆明,西南,猫眼电影
1432,我的宠物是大象,上海泷邢电影院,上海,上海,华东,线下活动
1433,调音师,杭州翊简影院,浙江,杭州,华东,淘票票
1434,反贪风暴4,驻马店夜承影院,河南,驻马店,华中,影院购买
1435,雷霆沙赞！,淄博凌乔影城,山东,淄博,华东,猫眼电影
1436,比悲伤更悲伤的故事,上海硕许影院,上海,上海,华东,线下活动
1437,老师·好,南京璇烨影城,江苏,南京,华东,线下活动
1438,祈祷落幕时,广州许宫影城,广东,广州,华南,淘票票
1439,反贪风暴4,乐山袭浔影城,四川,乐山,西南,猫眼电影
1440,反贪风暴4,温州倾易电影院,浙江,温州,华东,影院购买
1441,虫林大作战,淄博凌乔影城,山东,淄博,华东,猫眼电影
1442,老师·好,石家庄凌谦影院,河北,石家庄,华北,猫眼电影
1443,调音师,石家庄凌谦影院,河北,石家庄,华北,影院购买
1444,调音师,济南泽翊电影院,山东,济南,华东,猫眼电影
1445,调音师,淄博凌乔影城,山东,淄博,华东,猫眼电影
1446,比悲伤更悲伤的故事,佛山然骆电影院,广东,佛山,华南,影院购买
1447,虫林大作战,葫芦岛烨炜影院,辽宁,葫芦岛,东北,影院购买
1448,小飞象,驻马店夜承影院,河南,驻马店,华中,影院购买
1449,祈祷落幕时,上海硕许影院,上海,上海,华东,淘票票
1450,最佳男友进化论,福州唯赤影城,福建,福州,华东,淘票票
1451,雷霆沙赞！,沈阳轲赫影城,辽宁,沈阳,东北,影院购买
1452,虫林大作战,金华夜烈影城,浙江,金华,华东,猫眼电影
1453,欲念游戏,昆明尉苏影院,云南,昆明,西南,影院购买
1454,调音师,驻马店夜承影院,河南,驻马店,华中,淘票票
1455,在乎你,上海安卓电影院,上海,上海,华东,影院购买
1456,老师·好,徐州轲轶影城,江苏,徐州,华东,淘票票
1457,欲念游戏,杭州翊简影院,浙江,杭州,华东,线下活动
1458,虫林大作战,上海易袭电影院,上海,上海,华东,线下活动
1459,祈祷落幕时,乐山袭浔影城,四川,乐山,西南,线下活动
1460,老师·好,杭州翊简影院,浙江,杭州,华东,淘票票
1461,虫林大作战,株洲浔泷电影院,湖南,株洲,华中,影院购买
1462,最佳男友进化论,佛山然骆电影院,广东,佛山,华南,影院购买
1463,最佳男友进化论,驻马店夜承影院,河南,驻马店,华中,线下活动
1464,欲念游戏,淄博凌乔影城,山东,淄博,华东,线下活动
1465,老师·好,驻马店夜承影院,河南,驻马店,华中,淘票票
1466,小飞象,温州倾易电影院,浙江,温州,华东,线下活动
1467,虫林大作战,温州倾易电影院,浙江,温州,华东,影院购买
1468,祈祷落幕时,株洲浔泷电影院,湖南,株洲,华中,影院购买
1469,调音师,三明尉赤电影院,福建,三明,华东,线下活动
1470,欲念游戏,张家界乔亦电影院,湖南,张家界,华中,淘票票
1471,调音师,沈阳轲赫影城,辽宁,沈阳,东北,猫眼电影
1472,最佳男友进化论,上海洺暮影院,上海,上海,华东,淘票票
1473,在乎你,金华夜烈影城,浙江,金华,华东,线下活动
1474,调音师,葫芦岛烨炜影院,辽宁,葫芦岛,东北,淘票票
1475,反贪风暴4,上海硕许影院,上海,上海,华东,猫眼电影
1476,欲念游戏,昆明尉苏影院,云南,昆明,西南,线下活动
1477,我的宠物是大象,淄博凌乔影城,山东,淄博,华东,影院购买
1478,雷霆沙赞！,上海洺暮影院,上海,上海,华东,猫眼电影
1479,欲念游戏,南京璇烨影城,江苏,南京,华东,线下活动
1480,欲念游戏,上海晗靖影院,上海,上海,华东,淘票票
1481,欲念游戏,石家庄凌谦影院,河北,石家庄,华北,淘票票
1482,调音师,昆明尉苏影院,云南,昆明,西南,线下活动
1483,调音师,乐山袭浔影城,四川,乐山,西南,线下活动
1484,祈祷落幕时,沈阳轲赫影城,辽宁,沈阳,东北,淘票票
1485,祈祷落幕时,金华夜烈影城,浙江,金华,华东,影院购买
1486,小飞象,南京璇烨影城,江苏,南京,华东,线下活动
1487,祈祷落幕时,驻马店夜承影院,河南,驻马店,华中,线下活动
1488,我的宠物是大象,上海泷邢电影院,上海,上海,华东,淘票票
1489,小飞象,上海易袭电影院,上海,上海,华东,猫眼电影
1490,我的宠物是大象,长沙苏暮影城,湖南,长沙,华中,淘票票
1491,反贪风暴4,成都靖浅电影院,四川,成都,西南,猫眼电影
1492,欲念游戏,南京璇烨影城,江苏,南京,华东,线下活动
1493,祈祷落幕时,驻马店夜承影院,河南,驻马店,华中,线下活动
1494,小飞象,驻马店夜承影院,河南,驻马店,华中,淘票票
1495,反贪风暴4,驻马店夜承影院,河南,驻马店,华中,影院购买
1496,欲念游戏,长沙苏暮影城,湖南,长沙,华中,影院购买
1497,雷霆沙赞！,太原言袭电影院,山西,太原,华北,线下活动
1498,老师·好,成都靖浅电影院,四川,成都,西南,猫眼电影
1499,反贪风暴4,上海安卓电影院,上海,上海,华东,线下活动
1500,欲念游戏,乐山袭浔影城,四川,乐山,西南,影院购买
1501,雷霆沙赞！,张家界乔亦电影院,湖南,张家界,华中,线下活动
1502,在乎你,杭州翊简影院,浙江,杭州,华东,猫眼电影
1503,最佳男友进化论,乐山袭浔影城,四川,乐山,西南,淘票票
1504,最佳男友进化论,葫芦岛烨炜影院,辽宁,葫芦岛,东北,猫眼电影
1505,在乎你,葫芦岛烨炜影院,辽宁,葫芦岛,东北,猫眼电影
1506,最佳男友进化论,太原言袭电影院,山西,太原,华北,淘票票
1507,最佳男友进化论,长沙苏暮影城,湖南,长沙,华中,淘票票
1508,在乎你,上海安卓电影院,上海,上海,华东,线下活动
1509,最佳男友进化论,温州倾易电影院,浙江,温州,华东,淘票票
1510,小飞象,济南泽翊电影院,山东,济南,华东,淘票票
1511,反贪风暴4,济南泽翊电影院,山东,济南,华东,淘票票
1512,欲念游戏,上海安卓电影院,上海,上海,华东,影院购买
1513,雷霆沙赞！,淄博凌乔影城,山东,淄博,华东,猫眼电影
1514,小飞象,上海安卓电影院,上海,上海,华东,线下活动
1515,最佳男友进化论,石家庄凌谦影院,河北,石家庄,华北,淘票票
1516,调音师,佛山然骆电影院,广东,佛山,华南,淘票票
1517,比悲伤更悲伤的故事,佛山然骆电影院,广东,佛山,华南,淘票票
1518,祈祷落幕时,上海易袭电影院,上海,上海,华东,淘票票
1519,老师·好,淄博凌乔影城,山东,淄博,华东,猫眼电影
1520,最佳男友进化论,福州唯赤影城,福建,福州,华东,猫眼电影
1521,祈祷落幕时,乐山袭浔影城,四川,乐山,西南,线下活动
1522,调音师,上海洺暮影院,上海,上海,华东,影院购买
1523,雷霆沙赞！,南京璇烨影城,江苏,南京,华东,影院购买
1524,在乎你,长沙苏暮影城,湖南,长沙,华中,影院购买
1525,祈祷落幕时,三明尉赤电影院,福建,三明,华东,影院购买
1526,欲念游戏,淄博凌乔影城,山东,淄博,华东,猫眼电影
1527,虫林大作战,杭州翊简影院,浙江,杭州,华东,影院购买
1528,我的宠物是大象,上海洺暮影院,上海,上海,华东,淘票票
1529,祈祷落幕时,驻马店夜承影院,河南,驻马店,华中,淘票票
1530,欲念游戏,葫芦岛烨炜影院,辽宁,葫芦岛,东北,淘票票
1531,比悲伤更悲伤的故事,福州唯赤影城,福建,福州,华东,淘票票
1532,虫林大作战,杭州翊简影院,浙江,杭州,华东,影院购买
1533,祈祷落幕时,徐州轲轶影城,江苏,徐州,华东,影院购买
1534,雷霆沙赞！,上海硕许影院,上海,上海,华东,影院购买
1535,比悲伤更悲伤的故事,张家界乔亦电影院,湖南,张家界,华中,影院购买
1536,欲念游戏,济南泽翊电影院,山东,济南,华东,淘票票
1537,雷霆沙赞！,长沙苏暮影城,湖南,长沙,华中,线下活动
1538,我的宠物是大象,上海晗靖影院,上海,上海,华东,淘票票
1539,调音师,杭州翊简影院,浙江,杭州,华东,影院购买
1540,小飞象,南京璇烨影城,江苏,南京,华东,影院购买
1541,欲念游戏,昆明尉苏影院,云南,昆明,西南,猫眼电影
1542,欲念游戏,杭州翊简影院,浙江,杭州,华东,线下活动
1543,雷霆沙赞！,张家界乔亦电影院,湖南,张家界,华中,淘票票
1544,我的宠物是大象,太原言袭电影院,山西,太原,华北,影院购买
1545,调音师,南京璇烨影城,江苏,南京,华东,淘票票
1546,老师·好,淄博凌乔影城,山东,淄博,华东,淘票票
1547,虫林大作战,上海易袭电影院,上海,上海,华东,淘票票
1548,在乎你,上海泷邢电影院,上海,上海,华东,淘票票
1549,在乎你,太原言袭电影院,山西,太原,华北,影院购买
1550,欲念游戏,杭州翊简影院,浙江,杭州,华东,线下活动
1551,老师·好,佛山然骆电影院,广东,佛山,华南,影院购买
1552,虫林大作战,葫芦岛烨炜影院,辽宁,葫芦岛,东北,淘票票
1553,小飞象,济南泽翊电影院,山东,济南,华东,猫眼电影
1554,虫林大作战,沈阳轲赫影城,辽宁,沈阳,东北,线下活动
1555,我的宠物是大象,淄博凌乔影城,山东,淄博,华东,影院购买
1556,在乎你,佛山然骆电影院,广东,佛山,华南,淘票票
1557,虫林大作战,上海洺暮影院,上海,上海,华东,猫眼电影
1558,在乎你,成都靖浅电影院,四川,成都,西南,影院购买
1559,调音师,广州许宫影城,广东,广州,华南,猫眼电影
1560,雷霆沙赞！,温州倾易电影院,浙江,温州,华东,影院购买
1561,小飞象,杭州翊简影院,浙江,杭州,华东,影院购买
1562,调音师,沈阳轲赫影城,辽宁,沈阳,东北,影院购买
1563,祈祷落幕时,成都靖浅电影院,四川,成都,西南,猫眼电影
1564,虫林大作战,南京璇烨影城,江苏,南京,华东,猫眼电影
1565,祈祷落幕时,上海晗靖影院,上海,上海,华东,影院购买
1566,虫林大作战,济南泽翊电影院,山东,济南,华东,线下活动
1567,调音师,长沙苏暮影城,湖南,长沙,华中,淘票票
1568,反贪风暴4,沈阳轲赫影城,辽宁,沈阳,东北,线下活动
1569,反贪风暴4,上海泷邢电影院,上海,上海,华东,线下活动
1570,小飞象,太原言袭电影院,山西,太原,华北,线下活动
1571,我的宠物是大象,佛山然骆电影院,广东,佛山,华南,影院购买
1572,祈祷落幕时,石家庄凌谦影院,河北,石家庄,华北,淘票票
1573,我的宠物是大象,长沙苏暮影城,湖南,长沙,华中,猫眼电影
1574,小飞象,太原言袭电影院,山西,太原,华北,淘票票
1575,祈祷落幕时,株洲浔泷电影院,湖南,株洲,华中,淘票票
1576,老师·好,金华夜烈影城,浙江,金华,华东,猫眼电影
1577,祈祷落幕时,上海安卓电影院,上海,上海,华东,影院购买
1578,祈祷落幕时,上海晗靖影院,上海,上海,华东,线下活动
1579,老师·好,济南泽翊电影院,山东,济南,华东,线下活动
1580,老师·好,徐州轲轶影城,江苏,徐州,华东,猫眼电影
1581,调音师,三明尉赤电影院,福建,三明,华东,猫眼电影
1582,老师·好,上海晗靖影院,上海,上海,华东,淘票票
1583,欲念游戏,三明尉赤电影院,福建,三明,华东,影院购买
1584,老师·好,成都靖浅电影院,四川,成都,西南,影院购买
1585,调音师,太原言袭电影院,山西,太原,华北,淘票票
1586,小飞象,葫芦岛烨炜影院,辽宁,葫芦岛,东北,淘票票
1587,雷霆沙赞！,石家庄凌谦影院,河北,石家庄,华北,淘票票
1588,老师·好,昆明尉苏影院,云南,昆明,西南,影院购买
1589,虫林大作战,张家界乔亦电影院,湖南,张家界,华中,影院购买
1590,虫林大作战,上海易袭电影院,上海,上海,华东,猫眼电影
1591,调音师,徐州轲轶影城,江苏,徐州,华东,淘票票
1592,小飞象,金华夜烈影城,浙江,金华,华东,影院购买
1593,虫林大作战,成都靖浅电影院,四川,成都,西南,淘票票
1594,调音师,昆明尉苏影院,云南,昆明,西南,影院购买
1595,在乎你,上海泷邢电影院,上海,上海,华东,影院购买
1596,在乎你,上海泷邢电影院,上海,上海,华东,淘票票
1597,我的宠物是大象,长沙苏暮影城,湖南,长沙,华中,线下活动
1598,在乎你,上海晗靖影院,上海,上海,华东,淘票票
1599,老师·好,上海易袭电影院,上海,上海,华东,猫眼电影
1600,反贪风暴4,成都靖浅电影院,四川,成都,西南,猫眼电影
1601,虫林大作战,福州唯赤影城,福建,福州,华东,影院购买
1602,雷霆沙赞！,上海泷邢电影院,上海,上海,华东,线下活动
1603,虫林大作战,上海硕许影院,上海,上海,华东,影院购买
1604,祈祷落幕时,石家庄凌谦影院,河北,石家庄,华北,影院购买
1605,雷霆沙赞！,张家界乔亦电影院,湖南,张家界,华中,影院购买
1606,反贪风暴4,金华夜烈影城,浙江,金华,华东,猫眼电影
1607,调音师,佛山然骆电影院,广东,佛山,华南,淘票票
1608,欲念游戏,淄博凌乔影城,山东,淄博,华东,线下活动
1609,老师·好,上海泷邢电影院,上海,上海,华东,猫眼电影
1610,老师·好,南京璇烨影城,江苏,南京,华东,线下活动
1611,祈祷落幕时,上海晗靖影院,上海,上海,华东,线下活动
1612,老师·好,温州倾易电影院,浙江,温州,华东,猫眼电影
1613,祈祷落幕时,金华夜烈影城,浙江,金华,华东,猫眼电影
1614,我的宠物是大象,金华夜烈影城,浙江,金华,华东,影院购买
1615,欲念游戏,上海硕许影院,上海,上海,华东,影院购买
1616,欲念游戏,成都靖浅电影院,四川,成都,西南,猫眼电影
1617,小飞象,金华夜烈影城,浙江,金华,华东,线下活动
1618,小飞象,淄博凌乔影城,山东,淄博,华东,线下活动
1619,最佳男友进化论,上海晗靖影院,上海,上海,华东,猫眼电影
1620,调音师,乐山袭浔影城,四川,乐山,西南,淘票票
1621,调音师,淄博凌乔影城,山东,淄博,华东,影院购买
1622,我的宠物是大象,株洲浔泷电影院,湖南,株洲,华中,线下活动
1623,雷霆沙赞！,杭州翊简影院,浙江,杭州,华东,影院购买
1624,虫林大作战,上海易袭电影院,上海,上海,华东,猫眼电影
1625,小飞象,上海洺暮影院,上海,上海,华东,线下活动
1626,比悲伤更悲伤的故事,驻马店夜承影院,河南,驻马店,华中,猫眼电影
1627,在乎你,张家界乔亦电影院,湖南,张家界,华中,线下活动
1628,老师·好,金华夜烈影城,浙江,金华,华东,影院购买
1629,比悲伤更悲伤的故事,上海安卓电影院,上海,上海,华东,影院购买
1630,最佳男友进化论,淄博凌乔影城,山东,淄博,华东,线下活动
1631,虫林大作战,成都靖浅电影院,四川,成都,西南,淘票票
1632,老师·好,张家界乔亦电影院,湖南,张家界,华中,线下活动
1633,在乎你,驻马店夜承影院,河南,驻马店,华中,线下活动
1634,老师·好,济南泽翊电影院,山东,济南,华东,淘票票
1635,祈祷落幕时,佛山然骆电影院,广东,佛山,华南,线下活动
1636,虫林大作战,上海晗靖影院,上海,上海,华东,影院购买
1637,我的宠物是大象,葫芦岛烨炜影院,辽宁,葫芦岛,东北,影院购买
1638,在乎你,淄博凌乔影城,山东,淄博,华东,淘票票
1639,调音师,佛山然骆电影院,广东,佛山,华南,猫眼电影
1640,比悲伤更悲伤的故事,石家庄凌谦影院,河北,石家庄,华北,猫眼电影
1641,在乎你,徐州轲轶影城,江苏,徐州,华东,淘票票
1642,虫林大作战,温州倾易电影院,浙江,温州,华东,影院购买
1643,欲念游戏,南京璇烨影城,江苏,南京,华东,淘票票
1644,虫林大作战,沈阳轲赫影城,辽宁,沈阳,东北,线下活动
1645,欲念游戏,长沙苏暮影城,湖南,长沙,华中,线下活动
1646,比悲伤更悲伤的故事,驻马店夜承影院,河南,驻马店,华中,影院购买
1647,我的宠物是大象,金华夜烈影城,浙江,金华,华东,线下活动
1648,欲念游戏,昆明尉苏影院,云南,昆明,西南,淘票票
1649,虫林大作战,上海易袭电影院,上海,上海,华东,淘票票
1650,比悲伤更悲伤的故事,上海安卓电影院,上海,上海,华东,猫眼电影
1651,反贪风暴4,杭州翊简影院,浙江,杭州,华东,淘票票
1652,老师·好,上海安卓电影院,上海,上海,华东,影院购买
1653,小飞象,福州唯赤影城,福建,福州,华东,淘票票
1654,雷霆沙赞！,驻马店夜承影院,河南,驻马店,华中,影院购买
1655,调音师,温州倾易电影院,浙江,温州,华东,淘票票
1656,反贪风暴4,温州倾易电影院,浙江,温州,华东,淘票票
1657,祈祷落幕时,佛山然骆电影院,广东,佛山,华南,淘票票
1658,反贪风暴4,沈阳轲赫影城,辽宁,沈阳,东北,猫眼电影
1659,最佳男友进化论,葫芦岛烨炜影院,辽宁,葫芦岛,东北,淘票票
1660,调音师,上海晗靖影院,上海,上海,华东,猫眼电影
1661,调音师,上海硕许影院,上海,上海,华东,影院购买
1662,老师·好,张家界乔亦电影院,湖南,张家界,华中,猫眼电影
1663,雷霆沙赞！,淄博凌乔影城,山东,淄博,华东,影院购买
1664,我的宠物是大象,福州唯赤影城,福建,福州,华东,猫眼电影
1665,在乎你,上海泷邢电影院,上海,上海,华东,影院购买
1666,雷霆沙赞！,上海易袭电影院,上海,上海,华东,影院购买
1667,反贪风暴4,张家界乔亦电影院,湖南,张家界,华中,线下活动
1668,小飞象,金华夜烈影城,浙江,金华,华东,线下活动
1669,我的宠物是大象,太原言袭电影院,山西,太原,华北,淘票票
1670,比悲伤更悲伤的故事,福州唯赤影城,福建,福州,华东,线下活动
1671,雷霆沙赞！,石家庄凌谦影院,河北,石家庄,华北,线下活动
1672,小飞象,福州唯赤影城,福建,福州,华东,线下活动
1673,比悲伤更悲伤的故事,株洲浔泷电影院,湖南,株洲,华中,猫眼电影
1674,虫林大作战,三明尉赤电影院,福建,三明,华东,猫眼电影
1675,祈祷落幕时,上海泷邢电影院,上海,上海,华东,线下活动
1676,最佳男友进化论,太原言袭电影院,山西,太原,华北,影院购买
1677,小飞象,上海安卓电影院,上海,上海,华东,猫眼电影
1678,小飞象,金华夜烈影城,浙江,金华,华东,淘票票
1679,欲念游戏,济南泽翊电影院,山东,济南,华东,线下活动
1680,祈祷落幕时,上海安卓电影院,上海,上海,华东,猫眼电影
1681,祈祷落幕时,乐山袭浔影城,四川,乐山,西南,淘票票
1682,祈祷落幕时,温州倾易电影院,浙江,温州,华东,淘票票
1683,虫林大作战,徐州轲轶影城,江苏,徐州,华东,线下活动
1684,小飞象,杭州翊简影院,浙江,杭州,华东,淘票票
1685,祈祷落幕时,沈阳轲赫影城,辽宁,沈阳,东北,影院购买
1686,小飞象,杭州翊简影院,浙江,杭州,华东,猫眼电影
1687,虫林大作战,株洲浔泷电影院,湖南,株洲,华中,猫眼电影
1688,调音师,驻马店夜承影院,河南,驻马店,华中,淘票票
1689,小飞象,昆明尉苏影院,云南,昆明,西南,线下活动
1690,欲念游戏,上海泷邢电影院,上海,上海,华东,线下活动
1691,虫林大作战,徐州轲轶影城,江苏,徐州,华东,影院购买
1692,老师·好,葫芦岛烨炜影院,辽宁,葫芦岛,东北,淘票票
1693,反贪风暴4,石家庄凌谦影院,河北,石家庄,华北,猫眼电影
1694,小飞象,福州唯赤影城,福建,福州,华东,线下活动
1695,我的宠物是大象,三明尉赤电影院,福建,三明,华东,淘票票
1696,老师·好,成都靖浅电影院,四川,成都,西南,淘票票
1697,虫林大作战,广州许宫影城,广东,广州,华南,影院购买
1698,老师·好,上海硕许影院,上海,上海,华东,线下活动
1699,比悲伤更悲伤的故事,温州倾易电影院,浙江,温州,华东,影院购买
1700,老师·好,徐州轲轶影城,江苏,徐州,华东,线下活动
1701,比悲伤更悲伤的故事,石家庄凌谦影院,河北,石家庄,华北,猫眼电影
1702,雷霆沙赞！,佛山然骆电影院,广东,佛山,华南,影院购买
1703,比悲伤更悲伤的故事,杭州翊简影院,浙江,杭州,华东,影院购买
1704,雷霆沙赞！,济南泽翊电影院,山东,济南,华东,影院购买
1705,小飞象,金华夜烈影城,浙江,金华,华东,影院购买
1706,最佳男友进化论,上海安卓电影院,上海,上海,华东,影院购买
1707,我的宠物是大象,徐州轲轶影城,江苏,徐州,华东,猫眼电影
1708,反贪风暴4,昆明尉苏影院,云南,昆明,西南,淘票票
1709,雷霆沙赞！,昆明尉苏影院,云南,昆明,西南,线下活动
1710,老师·好,上海易袭电影院,上海,上海,华东,猫眼电影
1711,反贪风暴4,上海晗靖影院,上海,上海,华东,线下活动
1712,最佳男友进化论,驻马店夜承影院,河南,驻马店,华中,猫眼电影
1713,我的宠物是大象,上海安卓电影院,上海,上海,华东,影院购买
1714,雷霆沙赞！,济南泽翊电影院,山东,济南,华东,线下活动
1715,调音师,上海泷邢电影院,上海,上海,华东,猫眼电影
1716,老师·好,金华夜烈影城,浙江,金华,华东,淘票票
1717,比悲伤更悲伤的故事,济南泽翊电影院,山东,济南,华东,线下活动
1718,老师·好,石家庄凌谦影院,河北,石家庄,华北,线下活动
1719,反贪风暴4,福州唯赤影城,福建,福州,华东,影院购买
1720,反贪风暴4,沈阳轲赫影城,辽宁,沈阳,东北,猫眼电影
1721,虫林大作战,成都靖浅电影院,四川,成都,西南,淘票票
1722,反贪风暴4,淄博凌乔影城,山东,淄博,华东,影院购买
1723,老师·好,昆明尉苏影院,云南,昆明,西南,影院购买
1724,雷霆沙赞！,三明尉赤电影院,福建,三明,华东,猫眼电影
1725,雷霆沙赞！,徐州轲轶影城,江苏,徐州,华东,淘票票
1726,小飞象,长沙苏暮影城,湖南,长沙,华中,猫眼电影
1727,在乎你,乐山袭浔影城,四川,乐山,西南,影院购买
1728,小飞象,葫芦岛烨炜影院,辽宁,葫芦岛,东北,影院购买
1729,欲念游戏,佛山然骆电影院,广东,佛山,华南,淘票票
1730,调音师,金华夜烈影城,浙江,金华,华东,猫眼电影
1731,雷霆沙赞！,南京璇烨影城,江苏,南京,华东,线下活动
1732,反贪风暴4,上海泷邢电影院,上海,上海,华东,线下活动
1733,虫林大作战,南京璇烨影城,江苏,南京,华东,线下活动
1734,调音师,成都靖浅电影院,四川,成都,西南,淘票票
1735,雷霆沙赞！,广州许宫影城,广东,广州,华南,影院购买
1736,欲念游戏,太原言袭电影院,山西,太原,华北,影院购买
1737,比悲伤更悲伤的故事,沈阳轲赫影城,辽宁,沈阳,东北,淘票票
1738,欲念游戏,沈阳轲赫影城,辽宁,沈阳,东北,猫眼电影
1739,欲念游戏,葫芦岛烨炜影院,辽宁,葫芦岛,东北,影院购买
1740,调音师,葫芦岛烨炜影院,辽宁,葫芦岛,东北,线下活动
1741,祈祷落幕时,株洲浔泷电影院,湖南,株洲,华中,线下活动
1742,虫林大作战,上海安卓电影院,上海,上海,华东,淘票票
1743,虫林大作战,石家庄凌谦影院,河北,石家庄,华北,影院购买
1744,欲念游戏,驻马店夜承影院,河南,驻马店,华中,猫眼电影
1745,反贪风暴4,南京璇烨影城,江苏,南京,华东,淘票票
1746,在乎你,上海洺暮影院,上海,上海,华东,线下活动
1747,老师·好,徐州轲轶影城,江苏,徐州,华东,猫眼电影
1748,雷霆沙赞！,金华夜烈影城,浙江,金华,华东,淘票票
1749,虫林大作战,淄博凌乔影城,山东,淄博,华东,淘票票
1750,欲念游戏,张家界乔亦电影院,湖南,张家界,华中,线下活动
1751,小飞象,葫芦岛烨炜影院,辽宁,葫芦岛,东北,淘票票
1752,小飞象,上海晗靖影院,上海,上海,华东,淘票票
1753,祈祷落幕时,济南泽翊电影院,山东,济南,华东,影院购买
1754,调音师,杭州翊简影院,浙江,杭州,华东,影院购买
1755,雷霆沙赞！,石家庄凌谦影院,河北,石家庄,华北,猫眼电影
1756,最佳男友进化论,杭州翊简影院,浙江,杭州,华东,线下活动
1757,老师·好,长沙苏暮影城,湖南,长沙,华中,淘票票
1758,小飞象,佛山然骆电影院,广东,佛山,华南,猫眼电影
1759,反贪风暴4,张家界乔亦电影院,湖南,张家界,华中,影院购买
1760,比悲伤更悲伤的故事,上海硕许影院,上海,上海,华东,猫眼电影
1761,雷霆沙赞！,佛山然骆电影院,广东,佛山,华南,淘票票
1762,欲念游戏,广州许宫影城,广东,广州,华南,线下活动
1763,虫林大作战,金华夜烈影城,浙江,金华,华东,淘票票
1764,欲念游戏,南京璇烨影城,江苏,南京,华东,线下活动
1765,祈祷落幕时,张家界乔亦电影院,湖南,张家界,华中,淘票票
1766,欲念游戏,济南泽翊电影院,山东,济南,华东,影院购买
1767,虫林大作战,上海安卓电影院,上海,上海,华东,淘票票
1768,最佳男友进化论,太原言袭电影院,山西,太原,华北,淘票票
1769,祈祷落幕时,沈阳轲赫影城,辽宁,沈阳,东北,影院购买
1770,虫林大作战,太原言袭电影院,山西,太原,华北,淘票票
1771,反贪风暴4,温州倾易电影院,浙江,温州,华东,淘票票
1772,比悲伤更悲伤的故事,石家庄凌谦影院,河北,石家庄,华北,影院购买
1773,我的宠物是大象,杭州翊简影院,浙江,杭州,华东,猫眼电影
1774,比悲伤更悲伤的故事,乐山袭浔影城,四川,乐山,西南,淘票票
1775,欲念游戏,三明尉赤电影院,福建,三明,华东,猫眼电影
1776,最佳男友进化论,淄博凌乔影城,山东,淄博,华东,淘票票
1777,最佳男友进化论,温州倾易电影院,浙江,温州,华东,猫眼电影
1778,欲念游戏,沈阳轲赫影城,辽宁,沈阳,东北,影院购买
1779,最佳男友进化论,杭州翊简影院,浙江,杭州,华东,淘票票
1780,最佳男友进化论,石家庄凌谦影院,河北,石家庄,华北,线下活动
1781,雷霆沙赞！,徐州轲轶影城,江苏,徐州,华东,淘票票
1782,祈祷落幕时,上海硕许影院,上海,上海,华东,线下活动
1783,调音师,石家庄凌谦影院,河北,石家庄,华北,猫眼电影
1784,雷霆沙赞！,昆明尉苏影院,云南,昆明,西南,淘票票
1785,雷霆沙赞！,温州倾易电影院,浙江,温州,华东,猫眼电影
1786,虫林大作战,株洲浔泷电影院,湖南,株洲,华中,影院购买
1787,老师·好,驻马店夜承影院,河南,驻马店,华中,猫眼电影
1788,比悲伤更悲伤的故事,张家界乔亦电影院,湖南,张家界,华中,猫眼电影
1789,在乎你,石家庄凌谦影院,河北,石家庄,华北,影院购买
1790,雷霆沙赞！,张家界乔亦电影院,湖南,张家界,华中,猫眼电影
1791,我的宠物是大象,广州许宫影城,广东,广州,华南,淘票票
1792,反贪风暴4,上海泷邢电影院,上海,上海,华东,淘票票
1793,在乎你,淄博凌乔影城,山东,淄博,华东,猫眼电影
1794,虫林大作战,沈阳轲赫影城,辽宁,沈阳,东北,影院购买
1795,调音师,徐州轲轶影城,江苏,徐州,华东,猫眼电影
1796,祈祷落幕时,沈阳轲赫影城,辽宁,沈阳,东北,线下活动
1797,雷霆沙赞！,葫芦岛烨炜影院,辽宁,葫芦岛,东北,线下活动
1798,反贪风暴4,张家界乔亦电影院,湖南,张家界,华中,淘票票
1799,祈祷落幕时,佛山然骆电影院,广东,佛山,华南,猫眼电影
1800,雷霆沙赞！,上海晗靖影院,上海,上海,华东,淘票票
1801,我的宠物是大象,乐山袭浔影城,四川,乐山,西南,淘票票
1802,小飞象,南京璇烨影城,江苏,南京,华东,淘票票
1803,最佳男友进化论,株洲浔泷电影院,湖南,株洲,华中,淘票票
1804,欲念游戏,广州许宫影城,广东,广州,华南,影院购买
1805,反贪风暴4,石家庄凌谦影院,河北,石家庄,华北,线下活动
1806,调音师,淄博凌乔影城,山东,淄博,华东,猫眼电影
1807,祈祷落幕时,上海洺暮影院,上海,上海,华东,影院购买
1808,虫林大作战,广州许宫影城,广东,广州,华南,影院购买
1809,老师·好,淄博凌乔影城,山东,淄博,华东,淘票票
1810,小飞象,广州许宫影城,广东,广州,华南,猫眼电影
1811,祈祷落幕时,上海硕许影院,上海,上海,华东,影院购买
1812,虫林大作战,济南泽翊电影院,山东,济南,华东,影院购买
1813,虫林大作战,石家庄凌谦影院,河北,石家庄,华北,线下活动
1814,小飞象,昆明尉苏影院,云南,昆明,西南,影院购买
1815,小飞象,成都靖浅电影院,四川,成都,西南,线下活动
1816,雷霆沙赞！,乐山袭浔影城,四川,乐山,西南,线下活动
1817,虫林大作战,淄博凌乔影城,山东,淄博,华东,猫眼电影
1818,雷霆沙赞！,上海晗靖影院,上海,上海,华东,淘票票
1819,小飞象,佛山然骆电影院,广东,佛山,华南,淘票票
1820,反贪风暴4,福州唯赤影城,福建,福州,华东,线下活动
1821,老师·好,长沙苏暮影城,湖南,长沙,华中,影院购买
1822,小飞象,太原言袭电影院,山西,太原,华北,影院购买
1823,雷霆沙赞！,上海易袭电影院,上海,上海,华东,线下活动
1824,反贪风暴4,金华夜烈影城,浙江,金华,华东,线下活动
1825,欲念游戏,佛山然骆电影院,广东,佛山,华南,线下活动
1826,我的宠物是大象,上海泷邢电影院,上海,上海,华东,猫眼电影
1827,虫林大作战,上海洺暮影院,上海,上海,华东,淘票票
1828,小飞象,葫芦岛烨炜影院,辽宁,葫芦岛,东北,影院购买
1829,反贪风暴4,太原言袭电影院,山西,太原,华北,淘票票
1830,欲念游戏,佛山然骆电影院,广东,佛山,华南,影院购买
1831,最佳男友进化论,上海安卓电影院,上海,上海,华东,影院购买
1832,欲念游戏,石家庄凌谦影院,河北,石家庄,华北,猫眼电影
1833,雷霆沙赞！,上海晗靖影院,上海,上海,华东,猫眼电影
1834,比悲伤更悲伤的故事,太原言袭电影院,山西,太原,华北,猫眼电影
1835,反贪风暴4,济南泽翊电影院,山东,济南,华东,线下活动
1836,祈祷落幕时,上海泷邢电影院,上海,上海,华东,影院购买
1837,在乎你,上海硕许影院,上海,上海,华东,影院购买
1838,在乎你,上海安卓电影院,上海,上海,华东,影院购买
1839,雷霆沙赞！,张家界乔亦电影院,湖南,张家界,华中,淘票票
1840,调音师,株洲浔泷电影院,湖南,株洲,华中,线下活动
1841,雷霆沙赞！,张家界乔亦电影院,湖南,张家界,华中,淘票票
1842,调音师,上海硕许影院,上海,上海,华东,线下活动
1843,在乎你,上海晗靖影院,上海,上海,华东,淘票票
1844,虫林大作战,驻马店夜承影院,河南,驻马店,华中,猫眼电影
1845,老师·好,株洲浔泷电影院,湖南,株洲,华中,影院购买
1846,祈祷落幕时,太原言袭电影院,山西,太原,华北,猫眼电影
1847,我的宠物是大象,温州倾易电影院,浙江,温州,华东,猫眼电影
1848,反贪风暴4,上海晗靖影院,上海,上海,华东,线下活动
1849,虫林大作战,上海易袭电影院,上海,上海,华东,线下活动
1850,在乎你,上海晗靖影院,上海,上海,华东,淘票票
1851,反贪风暴4,上海洺暮影院,上海,上海,华东,淘票票
1852,雷霆沙赞！,驻马店夜承影院,河南,驻马店,华中,猫眼电影
1853,欲念游戏,张家界乔亦电影院,湖南,张家界,华中,淘票票
1854,小飞象,金华夜烈影城,浙江,金华,华东,淘票票
1855,欲念游戏,乐山袭浔影城,四川,乐山,西南,线下活动
1856,最佳男友进化论,徐州轲轶影城,江苏,徐州,华东,线下活动
1857,最佳男友进化论,佛山然骆电影院,广东,佛山,华南,影院购买
1858,虫林大作战,成都靖浅电影院,四川,成都,西南,猫眼电影
1859,老师·好,上海晗靖影院,上海,上海,华东,影院购买
1860,反贪风暴4,长沙苏暮影城,湖南,长沙,华中,线下活动
1861,雷霆沙赞！,长沙苏暮影城,湖南,长沙,华中,影院购买
1862,欲念游戏,沈阳轲赫影城,辽宁,沈阳,东北,猫眼电影
1863,调音师,长沙苏暮影城,湖南,长沙,华中,猫眼电影
1864,调音师,福州唯赤影城,福建,福州,华东,猫眼电影
1865,雷霆沙赞！,上海硕许影院,上海,上海,华东,影院购买
1866,我的宠物是大象,上海泷邢电影院,上海,上海,华东,影院购买
1867,比悲伤更悲伤的故事,驻马店夜承影院,河南,驻马店,华中,猫眼电影
1868,我的宠物是大象,驻马店夜承影院,河南,驻马店,华中,淘票票
1869,祈祷落幕时,淄博凌乔影城,山东,淄博,华东,线下活动
1870,小飞象,金华夜烈影城,浙江,金华,华东,线下活动
1871,虫林大作战,上海泷邢电影院,上海,上海,华东,淘票票
1872,欲念游戏,驻马店夜承影院,河南,驻马店,华中,线下活动
1873,小飞象,上海易袭电影院,上海,上海,华东,猫眼电影
1874,我的宠物是大象,上海晗靖影院,上海,上海,华东,猫眼电影
1875,我的宠物是大象,金华夜烈影城,浙江,金华,华东,淘票票
1876,祈祷落幕时,济南泽翊电影院,山东,济南,华东,猫眼电影
1877,老师·好,上海硕许影院,上海,上海,华东,淘票票
1878,祈祷落幕时,上海易袭电影院,上海,上海,华东,猫眼电影
1879,欲念游戏,广州许宫影城,广东,广州,华南,影院购买
1880,比悲伤更悲伤的故事,沈阳轲赫影城,辽宁,沈阳,东北,淘票票
1881,欲念游戏,太原言袭电影院,山西,太原,华北,猫眼电影
1882,我的宠物是大象,淄博凌乔影城,山东,淄博,华东,猫眼电影
1883,反贪风暴4,昆明尉苏影院,云南,昆明,西南,淘票票
1884,最佳男友进化论,驻马店夜承影院,河南,驻马店,华中,线下活动
1885,在乎你,淄博凌乔影城,山东,淄博,华东,线下活动
1886,虫林大作战,福州唯赤影城,福建,福州,华东,影院购买
1887,比悲伤更悲伤的故事,上海易袭电影院,上海,上海,华东,影院购买
1888,最佳男友进化论,太原言袭电影院,山西,太原,华北,线下活动
1889,调音师,石家庄凌谦影院,河北,石家庄,华北,猫眼电影
1890,我的宠物是大象,金华夜烈影城,浙江,金华,华东,猫眼电影
1891,欲念游戏,太原言袭电影院,山西,太原,华北,线下活动
1892,虫林大作战,上海泷邢电影院,上海,上海,华东,线下活动
1893,小飞象,上海易袭电影院,上海,上海,华东,淘票票
1894,欲念游戏,成都靖浅电影院,四川,成都,西南,线下活动
1895,比悲伤更悲伤的故事,驻马店夜承影院,河南,驻马店,华中,淘票票
1896,我的宠物是大象,成都靖浅电影院,四川,成都,西南,线下活动
1897,最佳男友进化论,上海易袭电影院,上海,上海,华东,线下活动
1898,调音师,上海安卓电影院,上海,上海,华东,猫眼电影
1899,小飞象,上海晗靖影院,上海,上海,华东,淘票票
1900,雷霆沙赞！,太原言袭电影院,山西,太原,华北,淘票票
1901,反贪风暴4,杭州翊简影院,浙江,杭州,华东,线下活动
1902,在乎你,成都靖浅电影院,四川,成都,西南,线下活动
1903,我的宠物是大象,石家庄凌谦影院,河北,石家庄,华北,线下活动
1904,最佳男友进化论,广州许宫影城,广东,广州,华南,猫眼电影
1905,反贪风暴4,太原言袭电影院,山西,太原,华北,线下活动
1906,调音师,福州唯赤影城,福建,福州,华东,线下活动
1907,反贪风暴4,南京璇烨影城,江苏,南京,华东,猫眼电影
1908,老师·好,温州倾易电影院,浙江,温州,华东,线下活动
1909,我的宠物是大象,温州倾易电影院,浙江,温州,华东,淘票票
1910,老师·好,上海易袭电影院,上海,上海,华东,猫眼电影
1911,比悲伤更悲伤的故事,杭州翊简影院,浙江,杭州,华东,线下活动
1912,反贪风暴4,长沙苏暮影城,湖南,长沙,华中,影院购买
1913,欲念游戏,济南泽翊电影院,山东,济南,华东,猫眼电影
1914,雷霆沙赞！,上海洺暮影院,上海,上海,华东,淘票票
1915,最佳男友进化论,杭州翊简影院,浙江,杭州,华东,影院购买
1916,调音师,长沙苏暮影城,湖南,长沙,华中,淘票票
1917,最佳男友进化论,驻马店夜承影院,河南,驻马店,华中,影院购买
1918,反贪风暴4,徐州轲轶影城,江苏,徐州,华东,淘票票
1919,雷霆沙赞！,上海晗靖影院,上海,上海,华东,淘票票
1920,在乎你,上海晗靖影院,上海,上海,华东,猫眼电影
1921,祈祷落幕时,葫芦岛烨炜影院,辽宁,葫芦岛,东北,线下活动
1922,反贪风暴4,三明尉赤电影院,福建,三明,华东,猫眼电影
1923,祈祷落幕时,昆明尉苏影院,云南,昆明,西南,猫眼电影
1924,比悲伤更悲伤的故事,株洲浔泷电影院,湖南,株洲,华中,淘票票
1925,老师·好,杭州翊简影院,浙江,杭州,华东,猫眼电影
1926,比悲伤更悲伤的故事,广州许宫影城,广东,广州,华南,线下活动
1927,比悲伤更悲伤的故事,上海洺暮影院,上海,上海,华东,淘票票
1928,老师·好,广州许宫影城,广东,广州,华南,影院购买
1929,祈祷落幕时,福州唯赤影城,福建,福州,华东,猫眼电影
1930,在乎你,佛山然骆电影院,广东,佛山,华南,线下活动
1931,老师·好,金华夜烈影城,浙江,金华,华东,线下活动
1932,虫林大作战,济南泽翊电影院,山东,济南,华东,猫眼电影
1933,小飞象,张家界乔亦电影院,湖南,张家界,华中,线下活动
1934,小飞象,葫芦岛烨炜影院,辽宁,葫芦岛,东北,淘票票
1935,调音师,张家界乔亦电影院,湖南,张家界,华中,猫眼电影
1936,调音师,杭州翊简影院,浙江,杭州,华东,淘票票
1937,调音师,济南泽翊电影院,山东,济南,华东,线下活动
1938,小飞象,淄博凌乔影城,山东,淄博,华东,线下活动
1939,比悲伤更悲伤的故事,广州许宫影城,广东,广州,华南,线下活动
1940,比悲伤更悲伤的故事,上海洺暮影院,上海,上海,华东,猫眼电影
1941,小飞象,石家庄凌谦影院,河北,石家庄,华北,猫眼电影
1942,最佳男友进化论,石家庄凌谦影院,河北,石家庄,华北,猫眼电影
1943,我的宠物是大象,杭州翊简影院,浙江,杭州,华东,猫眼电影
1944,欲念游戏,金华夜烈影城,浙江,金华,华东,线下活动
1945,虫林大作战,广州许宫影城,广东,广州,华南,淘票票
1946,祈祷落幕时,沈阳轲赫影城,辽宁,沈阳,东北,影院购买
1947,反贪风暴4,上海泷邢电影院,上海,上海,华东,线下活动
1948,祈祷落幕时,株洲浔泷电影院,湖南,株洲,华中,淘票票
1949,反贪风暴4,长沙苏暮影城,湖南,长沙,华中,淘票票
1950,雷霆沙赞！,福州唯赤影城,福建,福州,华东,淘票票
1951,在乎你,乐山袭浔影城,四川,乐山,西南,线下活动
1952,在乎你,上海易袭电影院,上海,上海,华东,淘票票
1953,我的宠物是大象,金华夜烈影城,浙江,金华,华东,淘票票
1954,老师·好,上海晗靖影院,上海,上海,华东,线下活动
1955,我的宠物是大象,金华夜烈影城,浙江,金华,华东,猫眼电影
1956,小飞象,三明尉赤电影院,福建,三明,华东,线下活动
1957,小飞象,三明尉赤电影院,福建,三明,华东,猫眼电影
1958,祈祷落幕时,上海安卓电影院,上海,上海,华东,淘票票
1959,反贪风暴4,上海易袭电影院,上海,上海,华东,线下活动
1960,虫林大作战,福州唯赤影城,福建,福州,华东,影院购买
1961,调音师,三明尉赤电影院,福建,三明,华东,淘票票
1962,在乎你,驻马店夜承影院,河南,驻马店,华中,线下活动
1963,小飞象,淄博凌乔影城,山东,淄博,华东,影院购买
1964,小飞象,温州倾易电影院,浙江,温州,华东,淘票票
1965,反贪风暴4,金华夜烈影城,浙江,金华,华东,淘票票
1966,老师·好,上海安卓电影院,上海,上海,华东,淘票票
1967,欲念游戏,葫芦岛烨炜影院,辽宁,葫芦岛,东北,影院购买
1968,在乎你,上海安卓电影院,上海,上海,华东,影院购买
1969,雷霆沙赞！,福州唯赤影城,福建,福州,华东,猫眼电影
1970,雷霆沙赞！,淄博凌乔影城,山东,淄博,华东,影院购买
1971,调音师,上海晗靖影院,上海,上海,华东,淘票票
1972,反贪风暴4,上海安卓电影院,上海,上海,华东,线下活动
1973,老师·好,成都靖浅电影院,四川,成都,西南,淘票票
1974,我的宠物是大象,上海晗靖影院,上海,上海,华东,淘票票
1975,欲念游戏,上海泷邢电影院,上海,上海,华东,猫眼电影
1976,我的宠物是大象,昆明尉苏影院,云南,昆明,西南,猫眼电影
1977,欲念游戏,成都靖浅电影院,四川,成都,西南,线下活动
1978,小飞象,广州许宫影城,广东,广州,华南,淘票票
1979,雷霆沙赞！,张家界乔亦电影院,湖南,张家界,华中,影院购买
1980,虫林大作战,成都靖浅电影院,四川,成都,西南,猫眼电影
1981,虫林大作战,上海易袭电影院,上海,上海,华东,猫眼电影
1982,我的宠物是大象,徐州轲轶影城,江苏,徐州,华东,线下活动
1983,在乎你,昆明尉苏影院,云南,昆明,西南,猫眼电影
1984,调音师,上海硕许影院,上海,上海,华东,淘票票
1985,欲念游戏,张家界乔亦电影院,湖南,张家界,华中,猫眼电影
1986,比悲伤更悲伤的故事,乐山袭浔影城,四川,乐山,西南,影院购买
1987,欲念游戏,济南泽翊电影院,山东,济南,华东,淘票票
1988,最佳男友进化论,乐山袭浔影城,四川,乐山,西南,线下活动
1989,我的宠物是大象,太原言袭电影院,山西,太原,华北,猫眼电影
1990,小飞象,徐州轲轶影城,江苏,徐州,华东,淘票票
1991,反贪风暴4,淄博凌乔影城,山东,淄博,华东,影院购买
1992,祈祷落幕时,济南泽翊电影院,山东,济南,华东,淘票票
1993,我的宠物是大象,济南泽翊电影院,山东,济南,华东,线下活动
1994,雷霆沙赞！,上海易袭电影院,上海,上海,华东,猫眼电影
1995,我的宠物是大象,上海洺暮影院,上海,上海,华东,淘票票
1996,小飞象,金华夜烈影城,浙江,金华,华东,猫眼电影
1997,比悲伤更悲伤的故事,株洲浔泷电影院,湖南,株洲,华中,线下活动
1998,雷霆沙赞！,温州倾易电影院,浙江,温州,华东,线下活动
1999,比悲伤更悲伤的故事,上海泷邢电影院,上海,上海,华东,猫眼电影
2000,最佳男友进化论,南京璇烨影城,江苏,南京,华东,影院购买
2001,老师·好,上海安卓电影院,上海,上海,华东,影院购买
2002,在乎你,上海安卓电影院,上海,上海,华东,线下活动
2003,比悲伤更悲伤的故事,福州唯赤影城,福建,福州,华东,影院购买
2004,雷霆沙赞！,石家庄凌谦影院,河北,石家庄,华北,淘票票
2005,最佳男友进化论,上海安卓电影院,上海,上海,华东,猫眼电影
2006,虫林大作战,温州倾易电影院,浙江,温州,华东,淘票票
2007,比悲伤更悲伤的故事,乐山袭浔影城,四川,乐山,西南,淘票票
2008,比悲伤更悲伤的故事,沈阳轲赫影城,辽宁,沈阳,东北,猫眼电影
2009,最佳男友进化论,上海硕许影院,上海,上海,华东,影院购买
2010,老师·好,南京璇烨影城,江苏,南京,华东,线下活动
2011,祈祷落幕时,株洲浔泷电影院,湖南,株洲,华中,线下活动
2012,小飞象,葫芦岛烨炜影院,辽宁,葫芦岛,东北,淘票票
2013,比悲伤更悲伤的故事,葫芦岛烨炜影院,辽宁,葫芦岛,东北,淘票票
2014,比悲伤更悲伤的故事,葫芦岛烨炜影院,辽宁,葫芦岛,东北,猫眼电影
2015,比悲伤更悲伤的故事,张家界乔亦电影院,湖南,张家界,华中,猫眼电影
2016,欲念游戏,上海泷邢电影院,上海,上海,华东,猫眼电影
2017,在乎你,上海易袭电影院,上海,上海,华东,影院购买
2018,我的宠物是大象,上海安卓电影院,上海,上海,华东,线下活动
2019,欲念游戏,乐山袭浔影城,四川,乐山,西南,影院购买
2020,小飞象,杭州翊简影院,浙江,杭州,华东,猫眼电影
2021,最佳男友进化论,杭州翊简影院,浙江,杭州,华东,影院购买
2022,调音师,上海易袭电影院,上海,上海,华东,影院购买
2023,欲念游戏,广州许宫影城,广东,广州,华南,影院购买
2024,祈祷落幕时,昆明尉苏影院,云南,昆明,西南,淘票票
2025,比悲伤更悲伤的故事,上海易袭电影院,上海,上海,华东,猫眼电影
